pm_id,store,unit_serial,photos_before,photos_after,photo_change,visit_type,note_added,credit_flag,corrected_pdf
410,Bel-Air #501,10148895,Bel_Air__501_10148895_20260715_photo_1_1784143413691.jpg|Bel_Air__501_10148895_20260715_photo_2_1784143413691.jpg,Bel_Air__501_10148895_20260715_photo_1_1784143413691.jpg|Bel_Air__501_10148895_20260715_photo_2_1784143413691.jpg,False,pm,False,False,
411,Save Mart #622,10874906,Save_Mart__622_10874906_20260715_photo_1_1784144461977.jpg,Save_Mart__622_10874906_20260715_photo_1_1784144461977.jpg,False,pm,True,False,
412,Save Mart #622,10911486,,,False,pm,True,False,
413,Petco #1343,313084,Petco__1343_313084_20260715_photo_1_1784144818938.jpg|Petco__1343_313084_20260715_photo_2_1784144818938.jpg,Petco__1343_313084_20260715_photo_1_1784144818938.jpg|Petco__1343_313084_20260715_photo_2_1784144818938.jpg,False,pm,False,False,
414,Petco #1343,226512,Petco__1343_226512_20260715_photo_1_1784144898014.jpg|Petco__1343_226512_20260715_photo_2_1784144898014.jpg,Petco__1343_226507_20260715_photo_1_1784145114410.jpg|Petco__1343_226512_20260715_photo_2_1784144898014.jpg,True,pm,True,False,Petco__1343_226512_20260715_1784144898014_CORRECTED_20260825.pdf
415,Petco #1343,226507,Petco__1343_226507_20260715_photo_1_1784145114410.jpg|Petco__1343_226507_20260715_photo_2_1784145114410.jpg,Petco__1343_226512_20260715_photo_1_1784144898014.jpg|Petco__1343_226507_20260715_photo_2_1784145114410.jpg,True,pm,True,False,Petco__1343_226507_20260715_1784145114410_CORRECTED_20260825.pdf
416,Petco #1343,20125900000422,Petco__1343_20125900000422_20260715_photo_1_1784145715518.jpg|Petco__1343_20125900000422_20260715_photo_2_1784145715518.jpg,Petco__1343_20125900000422_20260715_photo_1_1784145715518.jpg|Petco__1343_20125900000422_20260715_photo_2_1784145715518.jpg,False,pm,True,False,
417,Incredible Pets #24012404,6674060,Incredible_Pets__24012404_6674060_20260715_photo_1_1784146476646.jpg,Incredible_Pets__24012404_6674060_20260715_photo_1_1784146476646.jpg,False,exception,True,False,
418,Comptons Market #14696,411412301019,Comptons_Market__14696_411412301019_20260715_photo_1_1784147246600.jpg,Comptons_Market__14696_411412301019_20260715_photo_1_1784147246600.jpg,False,exception,True,False,
419,Walmart US #5982,M125962,Walmart_US__5982_M125962_20260715_photo_1_1784150884609.jpg|Walmart_US__5982_M125962_20260715_photo_2_1784150884609.jpg,Walmart_US__5982_M125962_20260715_photo_1_1784150884609.jpg|Walmart_US__5982_M125962_20260715_photo_2_1784150884609.jpg,False,pm,False,False,
420,Raley's #416,9318060,Raley_s__416_9318060_20260715_photo_1_1784151995423.jpg|Raley_s__416_9318060_20260715_photo_2_1784151995423.jpg,Raley_s__416_9318060_20260715_photo_1_1784151995423.jpg|Raley_s__416_9318060_20260715_photo_2_1784151995423.jpg,False,pm,False,False,
421,Target #311,10633828,Target__311_10633828_20260715_photo_1_1784153210432.jpg|Target__311_10633828_20260715_photo_2_1784153210432.jpg|Target__311_10633828_20260715_photo_3_1784153210432.jpg,Target__311_10633828_20260715_photo_1_1784153210432.jpg|Target__311_10633828_20260715_photo_2_1784153210432.jpg|Target__311_10633828_20260715_photo_3_1784153210432.jpg,False,pm,False,False,
422,Walmart US #5192,9627102,Walmart_US__5192_9627102_20260715_photo_1_1784155024750.jpg|Walmart_US__5192_9627102_20260715_photo_2_1784155024750.jpg,Walmart_US__5192_9627102_20260715_photo_1_1784155024750.jpg|Walmart_US__5192_9627102_20260715_photo_2_1784155024750.jpg,False,pm,True,False,
423,Safeway #2263,310797,Safeway__2263_310797_20260715_photo_1_1784155811749.jpg|Safeway__2263_310797_20260715_photo_2_1784155811749.jpg,Safeway__2263_310797_20260715_photo_1_1784155811749.jpg|Safeway__2263_310797_20260715_photo_2_1784155811749.jpg,False,pm,True,False,
424,Food Maxx #453,11008872,Food_Maxx__453_11008872_20260720_photo_1_1784579526863.jpg,Walmart_US__3141_290980_20260721_photo_2_1784668589577.jpg|Food_Maxx__453_11008872_20260720_photo_1_1784579526863.jpg,True,pm,True,False,Food_Maxx__453_11008872_20260720_1784579526863_CORRECTED_20260825.pdf
425,Vons #1969,294053,Vons__1969_294053_20260720_photo_1_1784579554808.jpg,Vons__1969_294053_20260720_photo_1_1784579554808.jpg,False,pm,True,False,
426,Lassens #04,9404671,Lassens__04_9404671_20260720_photo_1_1784580287036.jpg|Lassens__04_9404671_20260720_photo_2_1784580287036.jpg,Lassens__04_9404671_20260720_photo_1_1784580287036.jpg|Lassens__04_9404671_20260720_photo_2_1784580287036.jpg,False,pm,False,False,
427,Costco #688,10271100,Costco__688_10271100_20260720_photo_1_1784581325976.jpg|Costco__688_10271100_20260720_photo_2_1784581325976.jpg,Costco__688_10271100_20260720_photo_1_1784581325976.jpg|Costco__688_10271100_20260720_photo_2_1784581325976.jpg,False,pm,False,False,
428,Albertsons #3172,10671477,Albertsons__3172_10671477_20260720_photo_1_1784583873915.jpg|Albertsons__3172_10671477_20260720_photo_2_1784583873915.jpg,Albertsons__3172_10671477_20260720_photo_1_1784583873915.jpg|Albertsons__3172_10671477_20260720_photo_2_1784583873915.jpg,False,pm,False,False,
429,Albertsons #377,10663625,,,False,pm,True,False,
430,Albertsons #377,10671487,Albertsons__377_10671487_20260720_photo_1_1784585526454.jpg,Albertsons__377_10671487_20260720_photo_1_1784585526454.jpg,False,pm,True,False,
431,Walmart US #1624,9267058,Walmart_US__1624_9267058_20260720_photo_1_1784587972833.jpg|Walmart_US__1624_9267058_20260720_photo_2_1784587972833.jpg,Walmart_US__1624_9267058_20260720_photo_1_1784587972833.jpg|Walmart_US__1624_9267058_20260720_photo_2_1784587972833.jpg,False,pm,False,False,
432,Albertsons #336,9325680,Albertsons__336_9325680_20260720_photo_1_1784589382104.jpg|Albertsons__336_9325680_20260720_photo_2_1784589382104.jpg,Albertsons__336_10671481_20260720_photo_1_1784589831696.jpg|Albertsons__336_9325680_20260720_photo_2_1784589382104.jpg,True,pm,True,False,Albertsons__336_9325680_20260720_1784589382104_CORRECTED_20260825.pdf
433,Albertsons #336,10671481,Albertsons__336_10671481_20260720_photo_1_1784589831696.jpg|Albertsons__336_10671481_20260720_photo_2_1784589831696.jpg,Albertsons__336_9325680_20260720_photo_1_1784589382104.jpg|Albertsons__336_10671481_20260720_photo_2_1784589831696.jpg,True,pm,True,False,Albertsons__336_10671481_20260720_1784589831696_CORRECTED_20260825.pdf
434,Target #2524,9632927,Target__2524_9632927_20260720_photo_1_1784589984954.jpg|Target__2524_9632927_20260720_photo_2_1784589984954.jpg,Target__2524_9632927_20260720_photo_1_1784589984954.jpg|Target__2524_9632927_20260720_photo_2_1784589984954.jpg,False,pm,True,False,
435,PetSmart US #86,246365,PetSmart_US__86_246365_20260720_photo_1_1784590872876.jpg|PetSmart_US__86_246365_20260720_photo_2_1784590872876.jpg,PetSmart_US__86_246364_20260720_photo_1_1784590919394.jpg|PetSmart_US__86_246365_20260720_photo_2_1784590872876.jpg,True,pm,True,False,PetSmart_US__86_246365_20260720_1784590872876_CORRECTED_20260825.pdf
436,PetSmart US #86,246364,PetSmart_US__86_246364_20260720_photo_1_1784590919394.jpg|PetSmart_US__86_246364_20260720_photo_2_1784590919394.jpg,PetSmart_US__86_246364_20260720_photo_2_1784590919394.jpg,True,pm,True,False,
437,PetSmart US #86,278045,PetSmart_US__86_278045_20260720_photo_1_1784591470883.jpg|PetSmart_US__86_278045_20260720_photo_2_1784591470883.jpg,PetSmart_US__86_246365_20260720_photo_1_1784590872876.jpg|PetSmart_US__86_278045_20260720_photo_1_1784591470883.jpg|PetSmart_US__86_278045_20260720_photo_2_1784591470883.jpg,True,pm,True,False,PetSmart_US__86_278045_20260720_1784591470883_CORRECTED_20260825.pdf
438,Foods Co #365,9716900,Foods_Co__365_9716900_20260721_photo_1_1784592901763.jpg,Foods_Co__365_11162237_20260721_photo_1_1784593222842.jpg|Foods_Co__365_9716900_20260721_photo_1_1784592901763.jpg,True,pm,True,False,Foods_Co__365_9716900_20260721_1784592901763_CORRECTED_20260825.pdf
439,Foods Co #365,11162237,Foods_Co__365_11162237_20260721_photo_1_1784593222842.jpg,,True,pm,True,False,
440,Albertsons #3129,9407809,Albertsons__3129_9407809_20260721_photo_1_1784593951779.jpg|Albertsons__3129_9407809_20260721_photo_2_1784593951779.jpg,Albertsons__3129_9407809_20260721_photo_1_1784593951779.jpg|Albertsons__3129_9407809_20260721_photo_2_1784593951779.jpg,False,pm,False,False,
441,Albertsons #3129,10671490,Albertsons__3129_10671490_20260721_photo_1_1784594332645.jpg,Albertsons__3129_10671490_20260721_photo_1_1784594332645.jpg,False,pm,True,False,
442,Petco #1306,227269,Petco__1306_227269_20260721_photo_1_1784595422996.jpg|Petco__1306_227269_20260721_photo_2_1784595422996.jpg,Petco__1306_227620_20260721_photo_1_1784595475335.jpg|Petco__1306_227269_20260721_photo_2_1784595422996.jpg,True,pm,True,False,Petco__1306_227269_20260721_1784595422996_CORRECTED_20260825.pdf
443,Petco #1306,227620,Petco__1306_227620_20260721_photo_1_1784595475335.jpg|Petco__1306_227620_20260721_photo_2_1784595475335.jpg,Petco__1306_306402_20260721_photo_1_1784595612629.jpg|Petco__1306_227620_20260721_photo_2_1784595475335.jpg,True,pm,True,False,Petco__1306_227620_20260721_1784595475335_CORRECTED_20260825.pdf
444,Petco #1306,306402,Petco__1306_306402_20260721_photo_1_1784595612629.jpg|Petco__1306_306402_20260721_photo_2_1784595612629.jpg,Petco__1306_227269_20260721_photo_1_1784595422996.jpg|Petco__1306_306402_20260721_photo_2_1784595612629.jpg,True,pm,True,False,Petco__1306_306402_20260721_1784595612629_CORRECTED_20260825.pdf
445,Walmart US #5134,279848,,,False,pm,True,False,
446,Sam's Club #4819,M155783,Sam_s_Club__4819_M155783_20260721_photo_1_1784595751644.jpg,Sam_s_Club__4819_M155783_20260721_photo_1_1784595751644.jpg,False,pm,True,False,
447,Albertsons California #3364,10609622,Albertsons_California__3364_10609622_20260721_photo_1_1784596275232.jpg|Albertsons_California__3364_10609622_20260721_photo_2_1784596275232.jpg,Albertsons_California__3364_10609622_20260721_photo_1_1784596275232.jpg|Albertsons_California__3364_10609622_20260721_photo_2_1784596275232.jpg,False,pm,True,False,
448,Vons #2420,9166246,Vons__2420_9166246_20260721_photo_1_1784596972462.jpg,Vons__2420_10658930_20260721_photo_1_1784597432100.jpg,True,pm,True,False,Vons__2420_9166246_20260721_1784596972462_CORRECTED_20260825.pdf
449,Vons #2420,10671499,Vons__2420_10671499_20260721_photo_1_1784597011856.jpg|Vons__2420_10671499_20260721_photo_2_1784597011856.jpg,Vons__2420_9166246_20260721_photo_1_1784596972462.jpg|Vons__2420_10671499_20260721_photo_2_1784597011856.jpg,True,pm,True,False,Vons__2420_10671499_20260721_1784597011856_CORRECTED_20260825.pdf
450,Vons #2420,10658930,Vons__2420_10658930_20260721_photo_1_1784597432100.jpg|Vons__2420_10658930_20260721_photo_2_1784597432100.jpg,Vons__2420_10671499_20260721_photo_1_1784597011856.jpg|Vons__2420_10658930_20260721_photo_2_1784597432100.jpg,True,pm,True,False,Vons__2420_10658930_20260721_1784597432100_CORRECTED_20260825.pdf
451,Target #2715,10633827,Target__2715_10633827_20260721_photo_1_1784599615400.jpg|Target__2715_10633827_20260721_photo_2_1784599615400.jpg,Target__2715_10633827_20260721_photo_1_1784599615400.jpg|Target__2715_10633827_20260721_photo_2_1784599615400.jpg,False,pm,True,False,
452,Walmart US #3139,303346,Walmart_US__3139_303346_20260721_photo_1_1784599916301.jpg|Walmart_US__3139_303346_20260721_photo_2_1784599916301.jpg,Walmart_US__3139_303346_20260721_photo_1_1784599916301.jpg|Walmart_US__3139_303346_20260721_photo_2_1784599916301.jpg,False,pm,True,False,
453,Target #1384,9139322,Target__1384_9139322_20260721_photo_1_1784601174791.jpg|Target__1384_9139322_20260721_photo_2_1784601174791.jpg,Target__1384_9139322_20260721_photo_1_1784601174791.jpg|Target__1384_9139322_20260721_photo_2_1784601174791.jpg,False,pm,True,False,
454,Walmart US #2557,10254960,Walmart_US__2557_10254960_20260721_photo_1_1784601994179.jpg|Walmart_US__2557_10254960_20260721_photo_2_1784601994179.jpg,Walmart_US__2557_10254960_20260721_photo_1_1784601994179.jpg|Walmart_US__2557_10254960_20260721_photo_2_1784601994179.jpg,False,pm,True,False,
455,Petco #1506,192210,Petco__1506_192210_20260721_photo_1_1784602301861.jpg|Petco__1506_192210_20260721_photo_2_1784602301861.jpg,Petco__1506_244270_20260721_photo_2_1784602366017.jpg|Petco__1506_192210_20260721_photo_1_1784602301861.jpg|Petco__1506_192210_20260721_photo_2_1784602301861.jpg,True,pm,True,False,Petco__1506_192210_20260721_1784602301861_CORRECTED_20260825.pdf
456,Petco #1506,244270,Petco__1506_244270_20260721_photo_1_1784602366017.jpg|Petco__1506_244270_20260721_photo_2_1784602366017.jpg,Petco__1506_244270_20260721_photo_1_1784602366017.jpg,True,pm,True,False,
457,Petco #1506,312397,Petco__1506_312397_20260721_photo_1_1784602620457.jpg|Petco__1506_312397_20260721_photo_2_1784602620457.jpg|Petco__1506_312397_20260721_photo_3_1784602620457.jpg,Petco__1506_312397_20260721_photo_1_1784602620457.jpg|Petco__1506_312397_20260721_photo_2_1784602620457.jpg|Petco__1506_312397_20260721_photo_3_1784602620457.jpg,False,pm,False,False,
458,Vons #2033,9413973,Vons__2033_9413973_20260721_photo_1_1784604207077.jpg|Vons__2033_9413973_20260721_photo_2_1784604207077.jpg,Vons__2033_10567891_20260721_photo_1_1784604359562.jpg|Vons__2033_9413973_20260721_photo_2_1784604207077.jpg,True,pm,True,False,Vons__2033_9413973_20260721_1784604207077_CORRECTED_20260825.pdf
459,Vons #2033,10567891,Vons__2033_10567891_20260721_photo_1_1784604359562.jpg,Vons__2033_9413973_20260721_photo_1_1784604207077.jpg,True,pm,True,False,Vons__2033_10567891_20260721_1784604359562_CORRECTED_20260825.pdf
460,Albertsons #1398,9413966,Albertsons__1398_9413966_20260721_photo_1_1784657007245.jpg|Albertsons__1398_9413966_20260721_photo_2_1784657007245.jpg,Albertsons__1398_9413966_20260721_photo_1_1784657007245.jpg|Albertsons__1398_9413966_20260721_photo_2_1784657007245.jpg,False,pm,False,False,
461,Albertsons #1398,10671486,Albertsons__1398_10671486_20260721_photo_1_1784657597896.jpg|Albertsons__1398_10671486_20260721_photo_2_1784657597896.jpg|Albertsons__1398_10671486_20260721_photo_3_1784657597896.jpg,Albertsons__1398_10671482_20260721_photo_1_1784657998633.jpg|Albertsons__1398_10671486_20260721_photo_2_1784657597896.jpg|Albertsons__1398_10671486_20260721_photo_3_1784657597896.jpg,True,pm,True,False,Albertsons__1398_10671486_20260721_1784657597896_CORRECTED_20260825.pdf
462,Albertsons #1398,10671482,Albertsons__1398_10671482_20260721_photo_1_1784657998633.jpg|Albertsons__1398_10671482_20260721_photo_2_1784657998633.jpg,Albertsons__1398_10671486_20260721_photo_1_1784657597896.jpg|Albertsons__1398_10671482_20260721_photo_2_1784657998633.jpg,True,pm,True,False,Albertsons__1398_10671482_20260721_1784657998633_CORRECTED_20260825.pdf
463,Petsmart US #3052,281232,Petsmart_US__3052_281232_20260721_photo_1_1784659161103.jpg|Petsmart_US__3052_281232_20260721_photo_2_1784659161103.jpg,Petsmart_US__3052_281232_20260721_photo_1_1784659161103.jpg,True,pm,True,False,
464,Petsmart US #3052,281224,Petsmart_US__3052_281224_20260721_photo_1_1784659392088.jpg|Petsmart_US__3052_281224_20260721_photo_2_1784659392088.jpg|Petsmart_US__3052_281224_20260721_photo_3_1784659392088.jpg,Petsmart_US__3052_281224_20260721_photo_1_1784659392088.jpg|Petsmart_US__3052_281224_20260721_photo_2_1784659392088.jpg|Petsmart_US__3052_281224_20260721_photo_3_1784659392088.jpg,False,pm,False,False,
465,Petsmart US #3052,M032630,Petsmart_US__3052_M032630_20260721_photo_1_1784659478082.jpg,Petsmart_US__3052_281232_20260721_photo_2_1784659161103.jpg|Petsmart_US__3052_M032630_20260721_photo_1_1784659478082.jpg,True,pm,True,False,Petsmart_US__3052_M032630_20260721_1784659478082_CORRECTED_20260825.pdf
466,Walmart US #3138,303921,Walmart_US__3138_303921_20260721_photo_1_1784660202601.jpg|Walmart_US__3138_303921_20260721_photo_2_1784660202601.jpg,Walmart_US__3138_303921_20260721_photo_1_1784660202601.jpg|Walmart_US__3138_303921_20260721_photo_2_1784660202601.jpg,False,pm,True,False,
467,Save Mart #96,10741385,Save_Mart__96_10741385_20260721_photo_1_1784661209482.jpg|Save_Mart__96_10741385_20260721_photo_2_1784661209482.jpg,Save_Mart__96_11126725_20260721_photo_1_1784661451267.jpg|Save_Mart__96_10741385_20260721_photo_2_1784661209482.jpg,True,pm,True,False,Save_Mart__96_10741385_20260721_1784661209482_CORRECTED_20260825.pdf
468,Save Mart #96,11126725,Save_Mart__96_11126725_20260721_photo_1_1784661451267.jpg|Save_Mart__96_11126725_20260721_photo_2_1784661451267.jpg,Save_Mart__96_10741385_20260721_photo_1_1784661209482.jpg|Save_Mart__96_11126725_20260721_photo_2_1784661451267.jpg,True,pm,True,False,Save_Mart__96_11126725_20260721_1784661451267_CORRECTED_20260825.pdf
469,Walmart US #3140,302442,Walmart_US__3140_302442_20260721_photo_1_1784661958320.jpg|Walmart_US__3140_302442_20260721_photo_2_1784661958320.jpg,Walmart_US__3140_302442_20260721_photo_1_1784661958320.jpg|Walmart_US__3140_302442_20260721_photo_2_1784661958320.jpg,False,pm,True,False,
470,Foods Co #384,10602707,Foods_Co__384_10602707_20260721_photo_1_1784663065855.jpg|Foods_Co__384_10602707_20260721_photo_2_1784663065855.jpg,Foods_Co__384_10605033_20260721_photo_1_1784663573197.jpg|Foods_Co__384_10602707_20260721_photo_2_1784663065855.jpg,True,pm,True,False,Foods_Co__384_10602707_20260721_1784663065855_CORRECTED_20260825.pdf
471,Foods Co #384,10605033,Foods_Co__384_10605033_20260721_photo_1_1784663573197.jpg|Foods_Co__384_10605033_20260721_photo_2_1784663573197.jpg|Foods_Co__384_10605033_20260721_photo_3_1784663573197.jpg,Foods_Co__384_10602707_20260721_photo_1_1784663065855.jpg|Foods_Co__384_10605033_20260721_photo_2_1784663573197.jpg|Foods_Co__384_10605033_20260721_photo_3_1784663573197.jpg,True,pm,True,False,Foods_Co__384_10605033_20260721_1784663573197_CORRECTED_20260825.pdf
472,Albertsons #358,9407801,Albertsons__358_9407801_20260721_photo_1_1784664210822.jpg|Albertsons__358_9407801_20260721_photo_2_1784664210822.jpg,Albertsons__358_10663638_20260721_photo_1_1784664432621.jpg|Albertsons__358_9407801_20260721_photo_2_1784664210822.jpg,True,pm,True,False,Albertsons__358_9407801_20260721_1784664210822_CORRECTED_20260825.pdf
473,Albertsons #358,10663638,Albertsons__358_10663638_20260721_photo_1_1784664432621.jpg|Albertsons__358_10663638_20260721_photo_2_1784664432621.jpg,Albertsons__358_9407801_20260721_photo_1_1784664210822.jpg|Albertsons__358_10663638_20260721_photo_2_1784664432621.jpg,True,pm,True,False,Albertsons__358_10663638_20260721_1784664432621_CORRECTED_20260825.pdf
474,Target #614,9455985,Target__614_9455985_20260721_photo_1_1784665509100.jpg|Target__614_9455985_20260721_photo_2_1784665509100.jpg,Target__614_9455985_20260721_photo_1_1784665509100.jpg|Target__614_9455985_20260721_photo_2_1784665509100.jpg,False,pm,False,False,
475,Petsmart US #84,207967,Petsmart_US__84_207967_20260721_photo_1_1784665912403.jpg|Petsmart_US__84_207967_20260721_photo_2_1784665912403.jpg,Food_Maxx__413_10532359_20260721_photo_1_1784666292402.jpg|Petsmart_US__84_207967_20260721_photo_1_1784665912403.jpg|Petsmart_US__84_207967_20260721_photo_2_1784665912403.jpg,True,pm,True,False,Petsmart_US__84_207967_20260721_1784665912403_CORRECTED_20260825.pdf
476,Petsmart US #84,250475,Petsmart_US__84_250475_20260721_photo_1_1784665956310.jpg|Petsmart_US__84_250475_20260721_photo_2_1784665956310.jpg,Petsmart_US__84_250475_20260721_photo_1_1784665956310.jpg|Petsmart_US__84_250475_20260721_photo_2_1784665956310.jpg,False,pm,False,False,
477,Food Maxx #413,10532359,Food_Maxx__413_10532359_20260721_photo_1_1784666292402.jpg|Food_Maxx__413_10532359_20260721_photo_2_1784666292402.jpg,Food_Maxx__413_10528385_20260721_photo_1_1784667732553.jpg|Food_Maxx__413_10532359_20260721_photo_2_1784666292402.jpg,True,pm,True,False,Food_Maxx__413_10532359_20260721_1784666292402_CORRECTED_20260825.pdf
478,Food Maxx #413,10528385,Food_Maxx__413_10528385_20260721_photo_1_1784667732553.jpg|Food_Maxx__413_10528385_20260721_photo_2_1784667732553.jpg|Food_Maxx__413_10528385_20260721_photo_3_1784667732553.jpg,Food_Maxx__413_10528385_20260721_photo_2_1784667732553.jpg|Food_Maxx__413_10528385_20260721_photo_3_1784667732553.jpg,True,pm,True,False,
479,Walmart US #3141,290980,Walmart_US__3141_290980_20260721_photo_1_1784668589577.jpg|Walmart_US__3141_290980_20260721_photo_2_1784668589577.jpg,Food_Maxx__499_11022905_20260721_photo_1_1784668788927.jpg|Walmart_US__3141_290980_20260721_photo_1_1784668589577.jpg,True,pm,True,False,Walmart_US__3141_290980_20260721_1784668589577_CORRECTED_20260825.pdf
480,Food Maxx #499,11022906,Food_Maxx__499_11022906_20260721_photo_1_1784668636812.jpg|Food_Maxx__499_11022906_20260721_photo_2_1784668636812.jpg,Food_Maxx__499_11022906_20260721_photo_1_1784668636812.jpg|Food_Maxx__499_11022906_20260721_photo_2_1784668636812.jpg,False,pm,True,False,
481,Food Maxx #499,11022905,Food_Maxx__499_11022905_20260721_photo_1_1784668788927.jpg|Food_Maxx__499_11022905_20260721_photo_2_1784668788927.jpg,Food_Maxx__499_11022905_20260721_photo_2_1784668788927.jpg,True,pm,True,False,
482,Target #2922,10927323,Target__2922_10927323_20260722_photo_1_1784682153837.jpg,Target__2922_10927323_20260722_photo_1_1784682153837.jpg,False,pm,False,False,
483,Walmart US #2001,9729228,Walmart_US__2001_9729228_20260722_photo_1_1784736844295.jpg|Walmart_US__2001_9729228_20260722_photo_2_1784736844295.jpg|Walmart_US__2001_9729228_20260722_photo_3_1784736844295.jpg,Walmart_US__2001_9729228_20260722_photo_1_1784736844295.jpg|Walmart_US__2001_9729228_20260722_photo_2_1784736844295.jpg|Walmart_US__2001_9729228_20260722_photo_3_1784736844295.jpg,False,pm,False,False,
484,Kelley's Pets #3465,10961123,Kelley_s_Pets__3465_10961123_20260722_photo_1_1784738289262.jpg|Kelley_s_Pets__3465_10961123_20260722_photo_2_1784738289262.jpg,Kelley_s_Pets__3465_10961123_20260722_photo_1_1784738289262.jpg|Kelley_s_Pets__3465_10961123_20260722_photo_2_1784738289262.jpg,False,pm,False,False,
485,Kelley's Pets #3465,10961123,Kelley_s_Pets__3465_10961123_20260722_photo_1_1784738364765.jpg|Kelley_s_Pets__3465_10961123_20260722_photo_2_1784738364765.jpg,Kelley_s_Pets__3465_10961123_20260722_photo_1_1784738364765.jpg|Kelley_s_Pets__3465_10961123_20260722_photo_2_1784738364765.jpg,False,pm,True,True,
486,Foods Co #316,11162201,Foods_Co__316_11162201_20260722_photo_1_1784739583763.jpg|Foods_Co__316_11162201_20260722_photo_2_1784739583763.jpg,Foods_Co__316_11162201_20260722_photo_1_1784739583763.jpg|Foods_Co__316_11162201_20260722_photo_2_1784739583763.jpg,False,pm,False,False,
487,Vons #1754,263121,Vons__1754_263121_20260722_photo_1_1784740591341.jpg|Vons__1754_263121_20260722_photo_2_1784740591341.jpg,Vons__1754_263124_20260722_photo_1_1784740880828.jpg|Vons__1754_263121_20260722_photo_2_1784740591341.jpg,True,pm,True,False,Vons__1754_263121_20260722_1784740591341_CORRECTED_20260825.pdf
488,Vons #1754,263124,Vons__1754_263124_20260722_photo_1_1784740880828.jpg|Vons__1754_263124_20260722_photo_2_1784740880828.jpg,Vons__1754_263121_20260722_photo_1_1784740591341.jpg|Vons__1754_263124_20260722_photo_2_1784740880828.jpg,True,pm,True,False,Vons__1754_263124_20260722_1784740880828_CORRECTED_20260825.pdf
489,Food Maxx #456,11022907,Food_Maxx__456_11022907_20260722_photo_1_1784742899938.jpg|Food_Maxx__456_11022907_20260722_photo_2_1784742899938.jpg,Food_Maxx__456_11022907_20260722_photo_1_1784742899938.jpg|Food_Maxx__456_11022907_20260722_photo_2_1784742899938.jpg,False,pm,False,False,
490,Food Maxx #456,10998996,Food_Maxx__456_10998996_20260722_photo_1_1784742974142.jpg|Food_Maxx__456_10998996_20260722_photo_2_1784742974142.jpg,Foods_Co__339_11162239_20260722_photo_1_1784743370296.jpg|Food_Maxx__456_10998996_20260722_photo_1_1784742974142.jpg|Food_Maxx__456_10998996_20260722_photo_2_1784742974142.jpg,True,pm,True,False,Food_Maxx__456_10998996_20260722_1784742974142_CORRECTED_20260825.pdf
491,Foods Co #339,11162239,Foods_Co__339_11162239_20260722_photo_1_1784743370296.jpg|Foods_Co__339_11162239_20260722_photo_2_1784743370296.jpg|Foods_Co__339_11162239_20260722_photo_3_1784743370296.jpg,Foods_Co__339_11162239_20260722_photo_2_1784743370296.jpg|Foods_Co__339_11162239_20260722_photo_3_1784743370296.jpg,True,pm,True,False,
492,Target #314,10624594,Target__314_10624594_20260722_photo_1_1784745041050.jpg|Target__314_10624594_20260722_photo_2_1784745041050.jpg|Target__314_10624594_20260722_photo_3_1784745041050.jpg,Target__314_10624594_20260722_photo_1_1784745041050.jpg|Target__314_10624594_20260722_photo_2_1784745041050.jpg|Target__314_10624594_20260722_photo_3_1784745041050.jpg,False,pm,False,False,
493,Petco #269,FPA,,,False,pm,True,False,
494,Walmart US #5632,M125927,Walmart_US__5632_M125927_20260722_photo_1_1784748141226.jpg|Walmart_US__5632_M125927_20260722_photo_2_1784748141226.jpg|Walmart_US__5632_M125927_20260722_photo_3_1784748141226.jpg|Walmart_US__5632_M125927_20260722_photo_4_1784748141226.jpg|Walmart_US__5632_M125927_20260722_photo_5_1784748141226.jpg|Walmart_US__5632_M125927_20260722_photo_6_1784748141226.jpg|Walmart_US__5632_M125927_20260722_photo_7_1784748141226.jpg,Walmart_US__5632_M125927_20260722_photo_1_1784748141226.jpg|Walmart_US__5632_M125927_20260722_photo_2_1784748141226.jpg|Walmart_US__5632_M125927_20260722_photo_3_1784748141226.jpg|Walmart_US__5632_M125927_20260722_photo_4_1784748141226.jpg|Walmart_US__5632_M125927_20260722_photo_5_1784748141226.jpg|Walmart_US__5632_M125927_20260722_photo_6_1784748141226.jpg|Walmart_US__5632_M125927_20260722_photo_7_1784748141226.jpg,False,pm,True,False,
495,Whities Pets #602468,9986231,Whities_Pets__602468_9986231_20260722_photo_1_1784753622392.jpg|Whities_Pets__602468_9986231_20260722_photo_2_1784753622392.jpg,Whities_Pets__602468_9986231_20260722_photo_1_1784753622392.jpg|Whities_Pets__602468_9986231_20260722_photo_2_1784753622392.jpg,False,pm,False,False,
496,Petsmart US #2487,299301,Petsmart_US__2487_299301_20260722_photo_1_1784759678682.jpg|Petsmart_US__2487_299301_20260722_photo_2_1784759678682.jpg,Petsmart_US__2487_299342_20260722_photo_1_1784760020779.jpg|Petsmart_US__2487_299301_20260722_photo_2_1784759678682.jpg,True,pm,True,False,Petsmart_US__2487_299301_20260722_1784759678682_CORRECTED_20260825.pdf
497,Petsmart US #2487,299342,Petsmart_US__2487_299342_20260722_photo_1_1784760020779.jpg|Petsmart_US__2487_299342_20260722_photo_2_1784760020779.jpg,Petsmart_US__2487_299301_20260722_photo_1_1784759678682.jpg|Petsmart_US__2487_299342_20260722_photo_2_1784760020779.jpg,True,pm,True,False,Petsmart_US__2487_299342_20260722_1784760020779_CORRECTED_20260825.pdf
498,Target #911,10580525,Target__911_10580525_20260722_photo_1_1784760812952.jpg|Target__911_10580525_20260722_photo_2_1784760812952.jpg,Target__911_10580525_20260722_photo_1_1784760812952.jpg|Target__911_10580525_20260722_photo_2_1784760812952.jpg,False,pm,False,False,
499,Sam's Club #4704,M157299,Sam_s_Club__4704_M157299_20260722_photo_1_1784761788750.jpg|Sam_s_Club__4704_M157299_20260722_photo_2_1784761788750.jpg,Sam_s_Club__4704_M157299_20260722_photo_1_1784761788750.jpg|Sam_s_Club__4704_M157299_20260722_photo_2_1784761788750.jpg,False,pm,False,False,
500,Food Maxx #414,10521385,Food_Maxx__414_10521385_20260722_photo_1_1784763158353.jpg|Food_Maxx__414_10521385_20260722_photo_2_1784763158353.jpg,Food_Maxx__414_10523825-1_20260722_photo_1_1784763283470.jpg|Food_Maxx__414_10521385_20260722_photo_1_1784763158353.jpg|Food_Maxx__414_10521385_20260722_photo_2_1784763158353.jpg,True,pm,True,False,Food_Maxx__414_10521385_20260722_1784763158353_CORRECTED_20260825.pdf
501,Food Maxx #414,10523825-1,Food_Maxx__414_10523825-1_20260722_photo_1_1784763283470.jpg|Food_Maxx__414_10523825-1_20260722_photo_2_1784763283470.jpg,Food_Maxx__414_10523825-1_20260722_photo_2_1784763283470.jpg,True,pm,True,False,
502,Target #1417,10540856,Target__1417_10540856_20260722_photo_1_1784763643980.jpg|Target__1417_10540856_20260722_photo_2_1784763643980.jpg,Target__1417_10540856_20260722_photo_1_1784763643980.jpg|Target__1417_10540856_20260722_photo_2_1784763643980.jpg,False,pm,True,False,
503,Target #1417,10902793,Target__1417_10902793_20260722_photo_1_1784763882120.jpg|Target__1417_10902793_20260722_photo_2_1784763882120.jpg|Target__1417_10902793_20260722_photo_3_1784763882120.jpg,Target__1417_10902793_20260722_photo_1_1784763882120.jpg|Target__1417_10902793_20260722_photo_2_1784763882120.jpg|Target__1417_10902793_20260722_photo_3_1784763882120.jpg,False,pm,True,False,
504,Save Mart #651,10362991,Save_Mart__651_10362991_20260722_photo_1_1784764632297.jpg|Save_Mart__651_10362991_20260722_photo_2_1784764632297.jpg,Save_Mart__651_11150523_20260722_photo_1_1784765037100.jpg|Save_Mart__651_10362991_20260722_photo_2_1784764632297.jpg,True,pm,True,False,Save_Mart__651_10362991_20260722_1784764632297_CORRECTED_20260825.pdf
505,Save Mart #651,11150523,Save_Mart__651_11150523_20260722_photo_1_1784765037100.jpg|Save_Mart__651_11150523_20260722_photo_2_1784765037100.jpg,Save_Mart__651_10362991_20260722_photo_1_1784764632297.jpg|Save_Mart__651_11150523_20260722_photo_2_1784765037100.jpg,True,pm,True,False,Save_Mart__651_11150523_20260722_1784765037100_CORRECTED_20260825.pdf
506,Walmart US #2985,M098901,Walmart_US__2985_M098901_20260723_photo_1_1784766905558.jpg|Walmart_US__2985_M098901_20260723_photo_2_1784766905558.jpg|Walmart_US__2985_M098901_20260723_photo_3_1784766905558.jpg|Walmart_US__2985_M098901_20260723_photo_4_1784766905558.jpg,Walmart_US__2985_M098901_20260723_photo_1_1784766905558.jpg|Walmart_US__2985_M098901_20260723_photo_2_1784766905558.jpg|Walmart_US__2985_M098901_20260723_photo_3_1784766905558.jpg|Walmart_US__2985_M098901_20260723_photo_4_1784766905558.jpg,False,pm,False,False,
507,The Market #13675,10613013,The_Market__13675_10613013_20260723_photo_1_1784769424807.jpg|The_Market__13675_10613013_20260723_photo_2_1784769424807.jpg,The_Market__13675_10613013_20260723_photo_1_1784769424807.jpg|The_Market__13675_10613013_20260723_photo_2_1784769424807.jpg,False,pm,False,False,
508,Save Mart #54,32158100000214,Save_Mart__54_32158100000214_20260723_photo_1_1784770120694.jpg|Save_Mart__54_32158100000214_20260723_photo_2_1784770120694.jpg|Save_Mart__54_32158100000214_20260723_photo_3_1784770120694.jpg,Save_Mart__54_32158100000214_20260723_photo_1_1784770120694.jpg|Save_Mart__54_32158100000214_20260723_photo_2_1784770120694.jpg|Save_Mart__54_32158100000214_20260723_photo_3_1784770120694.jpg,False,pm,True,False,
509,PetSmart US #82,269642,PetSmart_US__82_269642_20260723_photo_1_1784770761896.jpg|PetSmart_US__82_269642_20260723_photo_2_1784770761896.jpg,PetSmart_US__82_M032645_20260723_photo_1_1784771036125.jpg|PetSmart_US__82_269642_20260723_photo_2_1784770761896.jpg,True,pm,True,False,PetSmart_US__82_269642_20260723_1784770761896_CORRECTED_20260825.pdf
510,PetSmart US #82,M032645,PetSmart_US__82_M032645_20260723_photo_1_1784771036125.jpg|PetSmart_US__82_M032645_20260723_photo_2_1784771036125.jpg|PetSmart_US__82_M032645_20260723_photo_3_1784771036125.jpg,PetSmart_US__82_269642_20260723_photo_1_1784770761896.jpg|PetSmart_US__82_M032645_20260723_photo_2_1784771036125.jpg|PetSmart_US__82_M032645_20260723_photo_3_1784771036125.jpg,True,pm,True,False,PetSmart_US__82_M032645_20260723_1784771036125_CORRECTED_20260825.pdf
511,Target #275,10902784,Target__275_10902784_20260723_photo_1_1784771661257.jpg|Target__275_10902784_20260723_photo_2_1784771661257.jpg,Target__275_10902784_20260723_photo_1_1784771661257.jpg|Target__275_10902784_20260723_photo_2_1784771661257.jpg,False,pm,False,False,
512,Food Maxx #403,11014453,Food_Maxx__403_11014453_20260723_photo_1_1784772356501.jpg|Food_Maxx__403_11014453_20260723_photo_2_1784772356501.jpg,Food_Maxx__403_10998989_20260723_photo_1_1784772528396.jpg|Food_Maxx__403_11014453_20260723_photo_2_1784772356501.jpg,True,pm,True,False,Food_Maxx__403_11014453_20260723_1784772356501_CORRECTED_20260825.pdf
513,Food Maxx #403,10998989,Food_Maxx__403_10998989_20260723_photo_1_1784772528396.jpg|Food_Maxx__403_10998989_20260723_photo_2_1784772528396.jpg,Food_Maxx__403_11014453_20260723_photo_1_1784772356501.jpg|Food_Maxx__403_10998989_20260723_photo_2_1784772528396.jpg,True,pm,True,False,Food_Maxx__403_10998989_20260723_1784772528396_CORRECTED_20260825.pdf
514,Foods Co #784,11162238,Foods_Co__784_11162238_20260723_photo_1_1784772866482.jpg,Foods_Co__784_11162238_20260723_photo_1_1784772866482.jpg,False,exception,True,False,
515,Walmart US #1815,9697100,Walmart_US__1815_9697100_20260723_photo_1_1784772960568.jpg|Walmart_US__1815_9697100_20260723_photo_2_1784772960568.jpg,Walmart_US__1815_9697100_20260723_photo_1_1784772960568.jpg|Walmart_US__1815_9697100_20260723_photo_2_1784772960568.jpg,False,pm,True,False,
516,Costco #31,317027,Costco__31_317027_20260723_photo_1_1784773971162.jpg,Costco__31_317027_20260723_photo_1_1784773971162.jpg,False,pm,True,False,
517,Save Mart #93,11133293,Save_Mart__93_11133293_20260723_photo_1_1784775095716.jpg|Save_Mart__93_11133293_20260723_photo_2_1784775095716.jpg,Save_Mart__93_11133295_20260723_photo_1_1784775283770.jpg|Save_Mart__93_11133293_20260723_photo_2_1784775095716.jpg,True,pm,True,False,Save_Mart__93_11133293_20260723_1784775095716_CORRECTED_20260825.pdf
518,Save Mart #93,11133295,Save_Mart__93_11133295_20260723_photo_1_1784775283770.jpg|Save_Mart__93_11133295_20260723_photo_2_1784775283770.jpg,Save_Mart__93_11133293_20260723_photo_1_1784775095716.jpg|Save_Mart__93_11133295_20260723_photo_2_1784775283770.jpg,True,pm,True,False,Save_Mart__93_11133295_20260723_1784775283770_CORRECTED_20260825.pdf
519,Petco #1338,233671,Petco__1338_233671_20260723_photo_1_1784775968402.jpg|Petco__1338_233671_20260723_photo_2_1784775968402.jpg,Petco__1338_233671_20260723_photo_1_1784775968402.jpg|Petco__1338_233671_20260723_photo_2_1784775968402.jpg,False,pm,False,False,
520,Petco #1338,244380,Petco__1338_244380_20260723_photo_1_1784776372692.jpg|Petco__1338_244380_20260723_photo_2_1784776372692.jpg,Petco__1338_244380_20260723_photo_1_1784776372692.jpg|Petco__1338_244380_20260723_photo_2_1784776372692.jpg,False,pm,False,False,
521,Petco #1338,5232171,Petco__1338_5232171_20260723_photo_1_1784776480796.jpg|Petco__1338_5232171_20260723_photo_2_1784776480796.jpg,Petco__1338_5232171_20260723_photo_1_1784776480796.jpg|Petco__1338_5232171_20260723_photo_2_1784776480796.jpg,False,pm,True,False,
522,Petco #1338,341506031614,Petco__1338_341506031614_20260723_photo_1_1784776579875.jpg,Petco__1338_341506031614_20260723_photo_1_1784776579875.jpg,False,pm,True,False,
523,Petco #1338,312894,Petco__1338_312894_20260723_photo_1_1784776674799.jpg|Petco__1338_312894_20260723_photo_2_1784776674799.jpg,Petco__1338_312894_20260723_photo_1_1784776674799.jpg|Petco__1338_312894_20260723_photo_2_1784776674799.jpg,False,pm,True,False,
524,Target #2744,9318085,Target__2744_9318085_20260723_photo_1_1784833310816.jpg|Target__2744_9318085_20260723_photo_2_1784833310816.jpg,Target__2744_9318085_20260723_photo_1_1784833310816.jpg|Target__2744_9318085_20260723_photo_2_1784833310816.jpg,False,pm,False,False,
525,Save Mart #65,10564803,Save_Mart__65_10564803_20260723_photo_1_1784838030735.jpg|Save_Mart__65_10564803_20260723_photo_2_1784838030735.jpg,Save_Mart__65_10564803_20260723_photo_1_1784838030735.jpg|Save_Mart__65_10564803_20260723_photo_2_1784838030735.jpg,False,pm,False,False,
526,Whole Foods Market #10122-FRS,11096711,Whole_Foods_Market__10122_FRS_11096711_20260723_photo_1_1784839604595.jpg|Whole_Foods_Market__10122_FRS_11096711_20260723_photo_2_1784839604595.jpg,Whole_Foods_Market__10122_FRS_11096711_20260723_photo_1_1784839604595.jpg|Whole_Foods_Market__10122_FRS_11096711_20260723_photo_2_1784839604595.jpg,False,pm,False,False,
527,Save Mart #92,32158100000985,Save_Mart__92_32158100000985_20260723_photo_1_1784840830772.jpg,Save_Mart__92_32158100000985_20260723_photo_1_1784840830772.jpg,False,pm,True,False,
528,Save Mart #650,10874889,Save_Mart__650_10874889_20260723_photo_1_1784841785046.jpg|Save_Mart__650_10874889_20260723_photo_2_1784841785046.jpg,Save_Mart__650_10874889_20260723_photo_1_1784841785046.jpg|Save_Mart__650_10874889_20260723_photo_2_1784841785046.jpg,False,pm,False,False,
529,Save Mart #650,10874911,Save_Mart__650_10874911_20260723_photo_1_1784842238091.jpg|Save_Mart__650_10874911_20260723_photo_2_1784842238091.jpg,Save_Mart__650_10874911_20260723_photo_1_1784842238091.jpg|Save_Mart__650_10874911_20260723_photo_2_1784842238091.jpg,False,pm,False,False,
530,Petco #1350,197934,Petco__1350_197934_20260723_photo_1_1784843559467.jpg|Petco__1350_197934_20260723_photo_2_1784843559467.jpg,Petco__1350_197934_20260723_photo_1_1784843559467.jpg|Petco__1350_197934_20260723_photo_2_1784843559467.jpg,False,pm,True,False,
531,Petco #1350,244067,Petco__1350_244067_20260723_photo_1_1784843598947.jpg|Petco__1350_244067_20260723_photo_2_1784843598947.jpg,Petco__1350_244067_20260723_photo_1_1784843598947.jpg|Petco__1350_244067_20260723_photo_2_1784843598947.jpg,False,pm,True,False,
532,Petco #1350,313062,Petco__1350_313062_20260723_photo_1_1784844002816.jpg|Petco__1350_313062_20260723_photo_2_1784844002816.jpg,Petco__1350_313062_20260723_photo_1_1784844002816.jpg|Petco__1350_313062_20260723_photo_2_1784844002816.jpg,False,pm,False,False,
533,Save Mart #71,10372249,Save_Mart__71_10372249_20260723_photo_1_1784844907735.jpg|Save_Mart__71_10372249_20260723_photo_2_1784844907735.jpg,Save_Mart__71_11157343_20260723_photo_1_1784845938861.jpg|Save_Mart__71_10372249_20260723_photo_1_1784844907735.jpg|Save_Mart__71_10372249_20260723_photo_2_1784844907735.jpg,True,pm,True,False,Save_Mart__71_10372249_20260723_1784844907735_CORRECTED_20260825.pdf
534,Save Mart #71,11157343,Save_Mart__71_11157343_20260723_photo_1_1784845938861.jpg|Save_Mart__71_11157343_20260723_photo_2_1784845938861.jpg|Save_Mart__71_11157343_20260723_photo_3_1784845938861.jpg,Save_Mart__71_11157343_20260723_photo_2_1784845938861.jpg|Save_Mart__71_11157343_20260723_photo_3_1784845938861.jpg,True,pm,True,False,
535,Vons #2188,311477,Vons__2188_311477_20260723_photo_1_1784847235354.jpg|Vons__2188_311477_20260723_photo_2_1784847235354.jpg,Vons__2188_311477_20260723_photo_1_1784847235354.jpg|Vons__2188_311477_20260723_photo_2_1784847235354.jpg,False,pm,False,False,
536,Save Mart #78,10874913,Save_Mart__78_10874913_20260723_photo_1_1784847412472.jpg|Save_Mart__78_10874913_20260723_photo_2_1784847412472.jpg,Save_Mart__635_11157331_20260723_photo_1_1784848277775.jpg|Save_Mart__78_10874913_20260723_photo_1_1784847412472.jpg|Save_Mart__78_10874913_20260723_photo_2_1784847412472.jpg,True,pm,True,False,Save_Mart__78_10874913_20260723_1784847412472_CORRECTED_20260825.pdf
537,Save Mart #78,10874841,Save_Mart__78_10874841_20260723_photo_1_1784847880674.jpg|Save_Mart__78_10874841_20260723_photo_2_1784847880674.jpg,Save_Mart__78_10874841_20260723_photo_1_1784847880674.jpg|Save_Mart__78_10874841_20260723_photo_2_1784847880674.jpg,False,pm,False,False,
538,Save Mart #635,11157328,Save_Mart__635_11157328_20260723_photo_1_1784848005598.jpg|Save_Mart__635_11157328_20260723_photo_2_1784848005598.jpg,Save_Mart__635_11157328_20260723_photo_1_1784848005598.jpg|Save_Mart__635_11157328_20260723_photo_2_1784848005598.jpg,False,pm,True,False,
539,Save Mart #635,11157331,Save_Mart__635_11157331_20260723_photo_1_1784848277775.jpg|Save_Mart__635_11157331_20260723_photo_2_1784848277775.jpg,Save_Mart__635_11157331_20260723_photo_2_1784848277775.jpg,True,pm,True,False,
540,Walmart US #1983,9681570,Walmart_US__1983_9681570_20260724_photo_1_1784853957162.jpg,Walmart_US__1983_9681570_20260724_photo_1_1784853957162.jpg,False,exception,True,False,
541,Raley's #308,9318070,Raley_s__308_9318070_20260724_photo_1_1784855287449.jpg|Raley_s__308_9318070_20260724_photo_2_1784855287449.jpg,Raley_s__308_9318070_20260724_photo_2_1784855287449.jpg,True,pm,True,False,
542,Safeway Northern California #1661,295380,Safeway_Northern_California__1_295380_20260724_photo_1_1784855625310.jpg|Safeway_Northern_California__1_295380_20260724_photo_2_1784855625310.jpg,Safeway_Northern_California__1_295380_20260724_photo_1_1784855625310.jpg|Safeway_Northern_California__1_295380_20260724_photo_2_1784855625310.jpg,False,pm,False,False,
543,Safeway Northern California #1661,295403,Safeway_Northern_California__1_295403_20260724_photo_1_1784855754497.jpg|Safeway_Northern_California__1_295403_20260724_photo_2_1784855754497.jpg,Raley_s__308_9318070_20260724_photo_1_1784855287449.jpg|Safeway_Northern_California__1_295403_20260724_photo_1_1784855754497.jpg|Safeway_Northern_California__1_295403_20260724_photo_2_1784855754497.jpg,True,pm,True,False,Safeway_Northern_California__1_295403_20260724_1784855754497_CORRECTED_20260825.pdf
544,Carters Pet Mart #56789,9723510,Carters_Pet_Mart__56789_9723510_20260724_photo_1_1784856318444.jpg|Carters_Pet_Mart__56789_9723510_20260724_photo_2_1784856318444.jpg,Carters_Pet_Mart__56789_9723510_20260724_photo_2_1784856318444.jpg,True,pm,True,False,
545,Carters Pet Mart #56789,9637980,Carters_Pet_Mart__56789_9637980_20260724_photo_1_1784856373564.jpg|Carters_Pet_Mart__56789_9637980_20260724_photo_2_1784856373564.jpg,Carters_Pet_Mart__56789_9723510_20260724_photo_1_1784856318444.jpg|Carters_Pet_Mart__56789_9637980_20260724_photo_1_1784856373564.jpg|Carters_Pet_Mart__56789_9637980_20260724_photo_2_1784856373564.jpg,True,pm,True,False,Carters_Pet_Mart__56789_9637980_20260724_1784856373564_CORRECTED_20260825.pdf
546,Cost Less Foods #13953,9885006,Cost_Less_Foods__13953_9885006_20260724_photo_1_1784857730642.jpg|Cost_Less_Foods__13953_9885006_20260724_photo_2_1784857730642.jpg,Cost_Less_Foods__13953_9885006_20260724_photo_1_1784857730642.jpg|Cost_Less_Foods__13953_9885006_20260724_photo_2_1784857730642.jpg,False,pm,False,False,
547,O'Brien's Market #4402,8140289,O_Brien_s_Market__4402_8140289_20260724_photo_1_1784859193363.jpg|O_Brien_s_Market__4402_8140289_20260724_photo_2_1784859193363.jpg,O_Brien_s_Market__4402_8140289_20260724_photo_1_1784859193363.jpg|O_Brien_s_Market__4402_8140289_20260724_photo_2_1784859193363.jpg,False,pm,False,False,
548,Petco #307,202406,Petco__307_202406_20260724_photo_1_1784859637316.jpg|Petco__307_202406_20260724_photo_2_1784859637316.jpg,Petco__307_243062_20260724_photo_2_1784859725292.jpg|Petco__307_202406_20260724_photo_1_1784859637316.jpg|Petco__307_202406_20260724_photo_2_1784859637316.jpg,True,pm,True,False,Petco__307_202406_20260724_1784859637316_CORRECTED_20260825.pdf
549,Petco #307,243062,Petco__307_243062_20260724_photo_1_1784859725292.jpg|Petco__307_243062_20260724_photo_2_1784859725292.jpg|Petco__307_243062_20260724_photo_3_1784859725292.jpg,Petco__307_243062_20260724_photo_1_1784859725292.jpg|Petco__307_243062_20260724_photo_3_1784859725292.jpg,True,pm,True,False,
550,PetSmart US #81,278022,PetSmart_US__81_278022_20260724_photo_1_1784861843257.jpg|PetSmart_US__81_278022_20260724_photo_2_1784861843257.jpg,Save_Mart__1_10637908_20260724_photo_2_1784863907597.jpg|PetSmart_US__81_278022_20260724_photo_2_1784861843257.jpg,True,pm,True,False,PetSmart_US__81_278022_20260724_1784861843257_CORRECTED_20260825.pdf
551,PetSmart US #81,246419,PetSmart_US__81_246419_20260724_photo_1_1784860505055.jpg|PetSmart_US__81_246419_20260724_photo_2_1784860505055.jpg,PetSmart_US__81_246419_20260724_photo_1_1784860505055.jpg|PetSmart_US__81_246419_20260724_photo_2_1784860505055.jpg,False,pm,True,False,
552,PetSmart US #81,246414,PetSmart_US__81_246414_20260724_photo_1_1784862193910.jpg|PetSmart_US__81_246414_20260724_photo_2_1784862193910.jpg,PetSmart_US__81_246414_20260724_photo_1_1784862193910.jpg|PetSmart_US__81_246414_20260724_photo_2_1784862193910.jpg,False,pm,False,False,
553,Save Mart #1,10567901,Save_Mart__1_10567901_20260724_photo_1_1784862556850.jpg|Save_Mart__1_10567901_20260724_photo_2_1784862556850.jpg,Save_Mart__49_11126733_20260724_photo_1_1784863758380.jpg|Save_Mart__1_10567901_20260724_photo_1_1784862556850.jpg|Save_Mart__1_10567901_20260724_photo_2_1784862556850.jpg,True,pm,True,False,Save_Mart__1_10567901_20260724_1784862556850_CORRECTED_20260825.pdf
554,Save Mart #49,11133289,Save_Mart__49_11133289_20260724_photo_1_1784863293797.jpg|Save_Mart__49_11133289_20260724_photo_2_1784863293797.jpg,Save_Mart__49_11133289_20260724_photo_2_1784863293797.jpg,True,pm,True,False,
555,Save Mart #49,11126733,Save_Mart__49_11126733_20260724_photo_1_1784863758380.jpg|Save_Mart__49_11126733_20260724_photo_2_1784863758380.jpg,Save_Mart__49_11126733_20260724_photo_2_1784863758380.jpg,True,pm,True,False,
556,Save Mart #1,10637908,Save_Mart__1_10637908_20260724_photo_1_1784863907597.jpg|Save_Mart__1_10637908_20260724_photo_2_1784863907597.jpg,Save_Mart__49_11133289_20260724_photo_1_1784863293797.jpg|Save_Mart__1_10637908_20260724_photo_1_1784863907597.jpg,True,pm,True,False,Save_Mart__1_10637908_20260724_1784863907597_CORRECTED_20260825.pdf
557,Target #273,9632923,Target__273_9632923_20260729_photo_1_1785351473680.jpg|Target__273_9632923_20260729_photo_2_1785351473680.jpg,Target__273_9632923_20260729_photo_1_1785351473680.jpg|Target__273_9632923_20260729_photo_2_1785351473680.jpg,False,pm,False,False,
558,Walmart US #1587,277481,Walmart_US__1587_277481_20260729_photo_1_1785352987206.jpg|Walmart_US__1587_277481_20260729_photo_2_1785352987206.jpg,Walmart_US__1587_277481_20260729_photo_1_1785352987206.jpg|Walmart_US__1587_277481_20260729_photo_2_1785352987206.jpg,False,pm,False,False,
559,Petco #307,313166,Petco__307_313166_20260729_photo_1_1785353391768.jpg|Petco__307_313166_20260729_photo_2_1785353391768.jpg,PetSmart_US__81_278022_20260724_photo_1_1784861843257.jpg|Petco__307_313166_20260729_photo_1_1785353391768.jpg|Petco__307_313166_20260729_photo_2_1785353391768.jpg,True,pm,True,False,Petco__307_313166_20260729_1785353391768_CORRECTED_20260825.pdf
560,Cost Less Foods #11062,11240706,Cost_Less_Foods__11062_11240706_20260729_photo_1_1785354467679.jpg|Cost_Less_Foods__11062_11240706_20260729_photo_2_1785354467679.jpg,Cost_Less_Foods__11062_11240706_20260729_photo_1_1785354467679.jpg|Cost_Less_Foods__11062_11240706_20260729_photo_2_1785354467679.jpg,False,pm,False,False,
561,Cost Less Foods #13952,10588791,Cost_Less_Foods__13952_10588791_20260729_photo_1_1785356026012.jpg|Cost_Less_Foods__13952_10588791_20260729_photo_2_1785356026012.jpg,Cost_Less_Foods__13952_10588791_20260729_photo_1_1785356026012.jpg|Cost_Less_Foods__13952_10588791_20260729_photo_2_1785356026012.jpg,False,pm,True,False,
562,Food Maxx #410,10092086,Food_Maxx__410_10092086_20260729_photo_1_1785356679822.jpg|Food_Maxx__410_10092086_20260729_photo_2_1785356679822.jpg,Food_Maxx__410_10092086_20260729_photo_1_1785356679822.jpg|Food_Maxx__410_10092086_20260729_photo_2_1785356679822.jpg,False,pm,False,False,
563,Food Maxx #410,10374779,Food_Maxx__410_10374779_20260729_photo_1_1785356943873.jpg|Food_Maxx__410_10374779_20260729_photo_2_1785356943873.jpg,Food_Maxx__410_10374779_20260729_photo_1_1785356943873.jpg|Food_Maxx__410_10374779_20260729_photo_2_1785356943873.jpg,False,pm,False,False,
564,O'Brien's Market #4559,8140302,O_Brien_s_Market__4559_8140302_20260729_photo_1_1785358311789.jpg|O_Brien_s_Market__4559_8140302_20260729_photo_2_1785358311789.jpg,O_Brien_s_Market__4559_8140302_20260729_photo_1_1785358311789.jpg|O_Brien_s_Market__4559_8140302_20260729_photo_2_1785358311789.jpg,False,pm,False,False,
565,PetSmart US #1975,272477,PetSmart_US__1975_272477_20260729_photo_1_1785362620050.jpg,PetSmart_US__1975_272477_20260729_photo_1_1785362620050.jpg,False,pm,True,False,
566,PetSmart US #1975,272479 Date 21- 10- 22,PetSmart_US__1975_272479 Date 21- 10- 22_20260729_photo_1_1785362797420.jpg,,True,pm,True,True,
567,PetSmart US #1975,272479,PetSmart_US__1975_272479_20260729_photo_1_1785364011679.jpg|PetSmart_US__1975_272479_20260729_photo_2_1785364011679.jpg,PetSmart_US__1975_272479 Date 21- 10- 22_20260729_photo_1_1785362797420.jpg|PetSmart_US__1975_272479_20260729_photo_2_1785364011679.jpg,True,pm,True,False,PetSmart_US__1975_272479_20260729_1785364011679_CORRECTED_20260825.pdf
568,Save Mart #95,10377426,Save_Mart__95_10377426_20260729_photo_1_1785365577795.jpg|Save_Mart__95_10377426_20260729_photo_2_1785365577795.jpg|Save_Mart__95_10377426_20260729_photo_3_1785365577795.jpg|Save_Mart__95_10377426_20260729_photo_4_1785365577795.jpg,Save_Mart__95_10377426_20260729_photo_1_1785365577795.jpg|Save_Mart__95_10377426_20260729_photo_2_1785365577795.jpg|Save_Mart__95_10377426_20260729_photo_4_1785365577795.jpg,True,pm,True,False,
569,Walmart US #5710,10168520,Walmart_US__5710_10168520_20260729_photo_1_1785365647595.jpg|Walmart_US__5710_10168520_20260729_photo_2_1785365647595.jpg,Walmart_US__5710_10168520_20260729_photo_1_1785365647595.jpg|Walmart_US__5710_10168520_20260729_photo_2_1785365647595.jpg,False,pm,True,False,
570,Costco #661,10702119,Costco__661_10702119_20260729_photo_1_1785366349988.jpg|Costco__661_10702119_20260729_photo_2_1785366349988.jpg,Costco__661_10702119_20260729_photo_1_1785366349988.jpg|Costco__661_10702119_20260729_photo_2_1785366349988.jpg,False,pm,True,False,
571,PetSmart US #1975,278048,PetSmart_US__1975_278048_20260729_photo_1_1785366534106.jpg|PetSmart_US__1975_278048_20260729_photo_2_1785366534106.jpg,PetSmart_US__1975_272479_20260729_photo_1_1785364011679.jpg|PetSmart_US__1975_278048_20260729_photo_1_1785366534106.jpg|PetSmart_US__1975_278048_20260729_photo_2_1785366534106.jpg,True,pm,True,False,PetSmart_US__1975_278048_20260729_1785366534106_CORRECTED_20260825.pdf
572,Save Mart #95,10874883,Save_Mart__95_10874883_20260729_photo_1_1785366979433.jpg|Save_Mart__95_10874883_20260729_photo_2_1785366979433.jpg,Save_Mart__95_10377426_20260729_photo_3_1785365577795.jpg|Save_Mart__95_10874883_20260729_photo_1_1785366979433.jpg|Save_Mart__95_10874883_20260729_photo_2_1785366979433.jpg,True,pm,True,False,Save_Mart__95_10874883_20260729_1785366979433_CORRECTED_20260825.pdf
573,Target #938,10571802,Target__938_10571802_20260729_photo_1_1785367228856.jpg|Target__938_10571802_20260729_photo_2_1785367228856.jpg,Target__938_10571802_20260729_photo_1_1785367228856.jpg|Target__938_10571802_20260729_photo_2_1785367228856.jpg,False,pm,True,False,
574,Raley's #339,10114978,Raley_s__339_10114978_20260729_photo_1_1785367351794.jpg|Raley_s__339_10114978_20260729_photo_2_1785367351794.jpg,Raley_s__339_10114978_20260729_photo_1_1785367351794.jpg|Raley_s__339_10114978_20260729_photo_2_1785367351794.jpg,False,pm,True,False,
575,Raley's #339,10114974,Raley_s__339_10114974_20260729_photo_1_1785367392435.jpg|Raley_s__339_10114974_20260729_photo_2_1785367392435.jpg,Raley_s__339_10114974_20260729_photo_1_1785367392435.jpg|Raley_s__339_10114974_20260729_photo_2_1785367392435.jpg,False,pm,True,False,
576,Save Mart #86,10874858,Save_Mart__86_10874858_20260729_photo_1_1785368991510.jpg|Save_Mart__86_10874858_20260729_photo_2_1785368991510.jpg,Save_Mart__86_10874893_20260729_photo_1_1785369417411.jpg|Save_Mart__86_10874858_20260729_photo_2_1785368991510.jpg,True,pm,True,False,Save_Mart__86_10874858_20260729_1785368991510_CORRECTED_20260825.pdf
577,Save Mart #86,10874893,Save_Mart__86_10874893_20260729_photo_1_1785369417411.jpg|Save_Mart__86_10874893_20260729_photo_2_1785369417411.jpg,Save_Mart__86_10874858_20260729_photo_1_1785368991510.jpg|Save_Mart__86_10874893_20260729_photo_2_1785369417411.jpg,True,pm,True,False,Save_Mart__86_10874893_20260729_1785369417411_CORRECTED_20260825.pdf
578,Walmart US #3046,M116647,Walmart_US__3046_M116647_20260730_photo_1_1785370890577.jpg|Walmart_US__3046_M116647_20260730_photo_2_1785370890577.jpg|Walmart_US__3046_M116647_20260730_photo_3_1785370890577.jpg|Walmart_US__3046_M116647_20260730_photo_4_1785370890577.jpg,Walmart_US__3046_M116647_20260730_photo_1_1785370890577.jpg|Walmart_US__3046_M116647_20260730_photo_2_1785370890577.jpg|Walmart_US__3046_M116647_20260730_photo_3_1785370890577.jpg,True,pm,True,False,
579,Walmart US #3046,11200211,Walmart_US__3046_11200211_20260730_photo_1_1785371096947.jpg|Walmart_US__3046_11200211_20260730_photo_2_1785371096947.jpg,Walmart_US__3046_M116647_20260730_photo_4_1785370890577.jpg|Walmart_US__3046_11200211_20260730_photo_1_1785371096947.jpg|Walmart_US__3046_11200211_20260730_photo_2_1785371096947.jpg,True,pm,True,False,Walmart_US__3046_11200211_20260730_1785371096947_CORRECTED_20260825.pdf
580,Safeway #55,291749,Safeway__55_291749_20260730_photo_1_1785375021676.jpg|Safeway__55_291749_20260730_photo_2_1785375021676.jpg,Safeway__55_291749_20260730_photo_1_1785375021676.jpg|Safeway__55_291749_20260730_photo_2_1785375021676.jpg,False,pm,False,False,
581,Target #828,9627188,Target__828_9627188_20260730_photo_1_1785430027539.jpg|Target__828_9627188_20260730_photo_2_1785430027539.jpg,Target__828_9627188_20260730_photo_1_1785430027539.jpg|Target__828_9627188_20260730_photo_2_1785430027539.jpg,False,pm,False,False,
582,Walmart US #1972,262650,Walmart_US__1972_262650_20260730_photo_1_1785437686543.jpg|Walmart_US__1972_262650_20260730_photo_2_1785437686543.jpg|Walmart_US__1972_262650_20260730_photo_3_1785437686543.jpg|Walmart_US__1972_262650_20260730_photo_4_1785437686543.jpg|Walmart_US__1972_262650_20260730_photo_5_1785437686543.jpg,Walmart_US__1972_262650_20260730_photo_1_1785437686543.jpg|Walmart_US__1972_262650_20260730_photo_2_1785437686543.jpg|Walmart_US__1972_262650_20260730_photo_3_1785437686543.jpg|Walmart_US__1972_262650_20260730_photo_4_1785437686543.jpg|Walmart_US__1972_262650_20260730_photo_5_1785437686543.jpg,False,pm,False,False,
583,Lucky #721,10874873,Lucky__721_10874873_20260730_photo_1_1785438509766.jpg|Lucky__721_10874873_20260730_photo_2_1785438509766.jpg,Lucky__721_10874873_20260730_photo_1_1785438509766.jpg|Lucky__721_10874873_20260730_photo_2_1785438509766.jpg,False,pm,False,False,
584,Safeway Northern California #910,304967,Safeway_Northern_California__9_304967_20260730_photo_1_1785439220111.jpg|Safeway_Northern_California__9_304967_20260730_photo_2_1785439220111.jpg|Safeway_Northern_California__9_304967_20260730_photo_3_1785439220111.jpg,Safeway_Northern_California__9_304967_20260730_photo_1_1785439220111.jpg|Safeway_Northern_California__9_304967_20260730_photo_2_1785439220111.jpg|Safeway_Northern_California__9_304967_20260730_photo_3_1785439220111.jpg,False,pm,False,False,
585,Safeway Northern California #910,304968,Safeway_Northern_California__9_304968_20260730_photo_1_1785439425292.jpg|Safeway_Northern_California__9_304968_20260730_photo_2_1785439425292.jpg,Safeway_Northern_California__9_304968_20260730_photo_1_1785439425292.jpg|Safeway_Northern_California__9_304968_20260730_photo_2_1785439425292.jpg,False,pm,False,False,
586,Nob Hill #631,9325681,Nob_Hill__631_9325681_20260730_photo_1_1785440076378.jpg|Nob_Hill__631_9325681_20260730_photo_2_1785440076378.jpg,Nob_Hill__631_9325681_20260730_photo_1_1785440076378.jpg|Nob_Hill__631_9325681_20260730_photo_2_1785440076378.jpg,False,pm,False,False,
587,Lucky #722,10896679,Lucky__722_10896679_20260730_photo_1_1785440735067.jpg|Lucky__722_10896679_20260730_photo_2_1785440735067.jpg,Lucky__722_10896679_20260730_photo_1_1785440735067.jpg|Lucky__722_10896679_20260730_photo_2_1785440735067.jpg,False,pm,False,False,
588,Costco #146,10702123,Costco__146_10702123_20260730_photo_1_1785443172822.jpg|Costco__146_10702123_20260730_photo_2_1785443172822.jpg|Costco__146_10702123_20260730_photo_3_1785443172822.jpg,Costco__146_10702123_20260730_photo_1_1785443172822.jpg|Costco__146_10702123_20260730_photo_2_1785443172822.jpg|Costco__146_10702123_20260730_photo_3_1785443172822.jpg,False,pm,True,False,
589,Lucky #750,80090400000116,Lucky__750_80090400000116_20260730_photo_1_1785445183548.jpg|Lucky__750_80090400000116_20260730_photo_2_1785445183548.jpg,Lucky__750_80090400000116_20260730_photo_1_1785445183548.jpg|Lucky__750_80090400000116_20260730_photo_2_1785445183548.jpg,False,pm,True,False,
590,Target #2771,9380266,Target__2771_9380266_20260730_photo_1_1785445812588.jpg|Target__2771_9380266_20260730_photo_2_1785445812588.jpg,Target__2771_9380266_20260730_photo_1_1785445812588.jpg|Target__2771_9380266_20260730_photo_2_1785445812588.jpg,False,pm,False,False,
591,Gene's Fine Foods #16047,341505301549,Gene_s_Fine_Foods__16047_341505301549_20260730_photo_1_1785447127672.jpg|Gene_s_Fine_Foods__16047_341505301549_20260730_photo_2_1785447127672.jpg,Gene_s_Fine_Foods__16047_341505301549_20260730_photo_1_1785447127672.jpg|Gene_s_Fine_Foods__16047_341505301549_20260730_photo_2_1785447127672.jpg,False,pm,False,False,
592,Pet Supplies Plus #4132,9404655,Pet_Supplies_Plus__4132_9404655_20260730_photo_1_1785448682623.jpg|Pet_Supplies_Plus__4132_9404655_20260730_photo_2_1785448682623.jpg,Pet_Supplies_Plus__4132_9404655_20260730_photo_1_1785448682623.jpg|Pet_Supplies_Plus__4132_9404655_20260730_photo_2_1785448682623.jpg,False,pm,False,False,
593,Walmart US #2161,302431,Walmart_US__2161_302431_20260730_photo_1_1785449123829.jpg|Walmart_US__2161_302431_20260730_photo_2_1785449123829.jpg,Walmart_US__2161_302431_20260730_photo_1_1785449123829.jpg|Walmart_US__2161_302431_20260730_photo_2_1785449123829.jpg,False,pm,True,False,
594,Lucky #744,10874870,Lucky__744_10874870_20260730_photo_1_1785449968200.jpg|Lucky__744_10874870_20260730_photo_2_1785449968200.jpg,Lucky__744_10105120_20260730_photo_1_1785450013094.jpg|Lucky__744_10874870_20260730_photo_2_1785449968200.jpg,True,pm,True,False,Lucky__744_10874870_20260730_1785449968200_CORRECTED_20260825.pdf
595,Lucky #744,10105120,Lucky__744_10105120_20260730_photo_1_1785450013094.jpg|Lucky__744_10105120_20260730_photo_2_1785450013094.jpg,Lucky__744_10874870_20260730_photo_1_1785449968200.jpg|Lucky__744_10105120_20260730_photo_2_1785450013094.jpg,True,pm,True,False,Lucky__744_10105120_20260730_1785450013094_CORRECTED_20260825.pdf
596,Murphys Paw #1910,7567529,Murphys_Paw__1910_7567529_20260730_photo_1_1785450740410.jpg,Murphys_Paw__1910_7567529_20260730_photo_1_1785450740410.jpg,False,exception,True,False,
597,Raley's #316,9335646,Raley_s__316_9335646_20260730_photo_1_1785451616671.jpg|Raley_s__316_9335646_20260730_photo_2_1785451616671.jpg,Raley_s__316_9335646_20260730_photo_1_1785451616671.jpg|Raley_s__316_9335646_20260730_photo_2_1785451616671.jpg,False,pm,False,False,
598,Safeway Northern California #1502,304913,Safeway_Northern_California__1_304913_20260730_photo_1_1785452461212.jpg|Safeway_Northern_California__1_304913_20260730_photo_2_1785452461212.jpg,Safeway_Northern_California__1_304913_20260730_photo_1_1785452461212.jpg|Safeway_Northern_California__1_304913_20260730_photo_2_1785452461212.jpg,False,pm,False,False,
599,Safeway Northern California #1502,305407,Safeway_Northern_California__1_305407_20260730_photo_1_1785452579219.jpg|Safeway_Northern_California__1_305407_20260730_photo_2_1785452579219.jpg,Safeway_Northern_California__1_305407_20260730_photo_1_1785452579219.jpg|Safeway_Northern_California__1_305407_20260730_photo_2_1785452579219.jpg,False,pm,False,False,
600,Safeway Northern California #2856,294043,Safeway_Northern_California__2_294043_20260730_photo_1_1785452712311.jpg|Safeway_Northern_California__2_294043_20260730_photo_2_1785452712311.jpg,Safeway_Northern_California__2_294043_20260730_photo_1_1785452712311.jpg|Safeway_Northern_California__2_294043_20260730_photo_2_1785452712311.jpg,False,pm,True,False,
601,Safeway Northern California #1211,276954,Safeway_Northern_California__1_276954_20260730_photo_1_1785454365016.jpg|Safeway_Northern_California__1_276954_20260730_photo_2_1785454365016.jpg,Safeway_Northern_California__1_276954_20260730_photo_1_1785454365016.jpg|Safeway_Northern_California__1_276954_20260730_photo_2_1785454365016.jpg,False,pm,True,False,
602,Safeway Northern California #1211,304440,Safeway_Northern_California__1_304440_20260730_photo_1_1785454500911.jpg|Safeway_Northern_California__1_304440_20260730_photo_2_1785454500911.jpg,Safeway_Northern_California__1_304440_20260730_photo_1_1785454500911.jpg|Safeway_Northern_California__1_304440_20260730_photo_2_1785454500911.jpg,False,pm,True,False,
603,Lunardis #9,411409150336,Lunardis__9_411409150336_20260730_photo_1_1785455637203.jpg|Lunardis__9_411409150336_20260730_photo_2_1785455637203.jpg,Lunardis__9_411409150336_20260730_photo_1_1785455637203.jpg|Lunardis__9_411409150336_20260730_photo_2_1785455637203.jpg,False,pm,True,False,
604,Safeway Northern California #969,311982,Safeway_Northern_California__9_311982_20260731_photo_1_1785457924985.jpg|Safeway_Northern_California__9_311982_20260731_photo_2_1785457924985.jpg,Safeway_Northern_California__9_311982_20260731_photo_1_1785457924985.jpg|Safeway_Northern_California__9_311982_20260731_photo_2_1785457924985.jpg,False,pm,False,False,
605,Safeway Northern California #1195,309097,Safeway_Northern_California__1_309097_20260731_photo_1_1785458157526.jpg|Safeway_Northern_California__1_309097_20260731_photo_2_1785458157526.jpg,Safeway_Northern_California__1_309097_20260731_photo_1_1785458157526.jpg|Safeway_Northern_California__1_309097_20260731_photo_2_1785458157526.jpg,False,pm,True,False,
