pm_id,store,unit_serial,batch,photos_removed,photos_remaining,removed_showing,removed_files,photos_after,corrected_pdf
6,Petco #372,240761,June,1,3,10609651,Petco__372_240761_20260612_photo_1_1781283258606.jpg,Petco__372_240761_20260612_photo_2_1781283258606.jpg|Petco__372_240761_20260612_photo_3_1781283258606.jpg|Petco__372_240761_20260612_photo_4_1781283258606.jpg,Petco__372_240761_20260612_1781283258606_CORRECTED_20260828.pdf
7,Nob Hill #632,10131448,June,1,3,11037160,Nob_Hill__632_10131448_20260612_photo_2_1781284638658.jpg,Nob_Hill__632_10131448_20260612_photo_1_1781284638658.jpg|Nob_Hill__632_10131448_20260612_photo_3_1781284638658.jpg|Nob_Hill__632_10131448_20260612_photo_4_1781284638658.jpg,Nob_Hill__632_10131448_20260612_1781284638658_CORRECTED_20260828.pdf
10,Safeway #951,304912,June,1,2,304978,Safeway__951_304912_20260612_photo_2_1781288363210.jpg,Safeway__951_304912_20260612_photo_1_1781288363210.jpg|Safeway__951_304912_20260612_photo_3_1781288363210.jpg,Safeway__951_304912_20260612_1781288363210_CORRECTED_20260828.pdf
15,Safeway #951,304912,June,1,3,11037160,Safeway__951_304912_20260612_photo_4_1781296000162.jpg,Safeway__951_304912_20260612_photo_1_1781296000162.jpg|Safeway__951_304912_20260612_photo_2_1781296000162.jpg|Safeway__951_304912_20260612_photo_3_1781296000162.jpg,Safeway__951_304912_20260612_1781296000162_CORRECTED_20260828.pdf
17,Pak N Save #3125,304875,June,1,3,11037160,Pak_N_Save__3125_304875_20260612_photo_3_1781297861016.jpg,Pak_N_Save__3125_304875_20260612_photo_1_1781297861016.jpg|Pak_N_Save__3125_304875_20260612_photo_2_1781297861016.jpg|Pak_N_Save__3125_304875_20260612_photo_4_1781297861016.jpg,Pak_N_Save__3125_304875_20260612_1781297861016_CORRECTED_20260828.pdf
19,Lucky #700,11037167,June,1,3,9632938,Lucky__700_11037167_20260612_photo_2_1781301578813.jpg,Walmart_US__3023_302476_20260613_photo_3_1781392127540.jpg|Lucky__700_11037167_20260612_photo_1_1781301578813.jpg|Lucky__700_11037167_20260612_photo_3_1781301578813.jpg,Lucky__700_11037167_20260612_1781301578813_CORRECTED_20260828.pdf
32,Lucky #700,11037167,June,1,3,10874884,Lucky__700_11037167_20260613_photo_1_1781318797699.jpg,Petco__267_7814967_20260614_photo_2_1781407852198.jpg|Lucky__700_11037167_20260613_photo_2_1781318797699.jpg|Lucky__700_11037167_20260613_photo_3_1781318797699.jpg,Lucky__700_11037167_20260613_1781318797699_CORRECTED_20260828.pdf
57,Lucky #766,10882123,June,1,2,11037160,Lucky__766_10882123_20260613_photo_1_1781391992382.jpg,Lucky__766_10882123_20260613_photo_2_1781391992382.jpg|Lucky__766_10882123_20260613_photo_3_1781391992382.jpg,Lucky__766_10882123_20260613_1781391992382_CORRECTED_20260828.pdf
105,Safeway Northern California #2941,311460,June,1,2,311459,Safeway_Northern_California__2_311460_20260615_photo_2_1781555636807.jpg,Safeway_Northern_California__2_311459_20260615_photo_1_1781554562839.jpg|Safeway_Northern_California__2_311460_20260615_photo_1_1781555636807.jpg,Safeway_Northern_California__2_311460_20260615_1781555636807_CORRECTED_20260828.pdf
114,PetSmart US #61,242466,June,1,3,10564805,PetSmart_US__61_242466_20260615_photo_1_1781565115967.jpg,PetSmart_US__61_269040_20260615_photo_3_1781565050469.jpg|PetSmart_US__61_242466_20260615_photo_2_1781565115967.jpg|PetSmart_US__61_242466_20260615_photo_3_1781565115967.jpg,PetSmart_US__61_242466_20260615_1781565115967_CORRECTED_20260828.pdf
115,PetSmart US #61,208767,June,1,3,10564805,PetSmart_US__61_208767_20260615_photo_1_1781565273460.jpg,PetSmart_US__61_269040_20260615_photo_2_1781565050469.jpg|PetSmart_US__61_208767_20260615_photo_2_1781565273460.jpg|PetSmart_US__61_208767_20260615_photo_3_1781565273460.jpg,PetSmart_US__61_208767_20260615_1781565273460_CORRECTED_20260828.pdf
117,Costco #643,10772056,June,1,2,10564805,Costco__643_10772056_20260615_photo_1_1781567227644.jpg,Costco__643_10772056_20260615_photo_2_1781567227644.jpg|Costco__643_10772056_20260615_photo_3_1781567227644.jpg,Costco__643_10772056_20260615_1781567227644_CORRECTED_20260828.pdf
118,Costco #663,10711714,June,1,2,10564805,Costco__663_10711714_20260615_photo_1_1781567350841.jpg,Costco__663_10711714_20260615_photo_2_1781567350841.jpg|Costco__663_10711714_20260615_photo_3_1781567350841.jpg,Costco__663_10711714_20260615_1781567350841_CORRECTED_20260828.pdf
119,Food Maxx #481,11008874,June,1,2,10998988,Food_Maxx__481_11008874_20260615_photo_2_1781567936781.jpg,Food_Maxx__481_11008874_20260615_photo_1_1781567936781.jpg|Food_Maxx__481_11008874_20260615_photo_3_1781567936781.jpg,Food_Maxx__481_11008874_20260615_1781567936781_CORRECTED_20260828.pdf
121,Safeway #1192,276958,June,1,2,11037167,Safeway__1192_276958_20260616_photo_1_1781568319801.jpg,Safeway__1192_276958_20260616_photo_2_1781568319801.jpg|Safeway__1192_276958_20260616_photo_3_1781568319801.jpg,Safeway__1192_276958_20260616_1781568319801_CORRECTED_20260828.pdf
125,Lucky #705,10091428,June,1,2,10564805,Lucky__705_10091428_20260616_photo_1_1781571805138.jpg,Lucky__705_11126734_20260616_photo_2_1781571342146.jpg|Lucky__705_10091428_20260616_photo_2_1781571805138.jpg,Lucky__705_10091428_20260616_1781571805138_CORRECTED_20260828.pdf
126,Food 4 Less #764,11162184,June,1,2,10157996,Food_4_Less__764_11162184_20260616_photo_3_1781572288243.jpg,Food_4_Less__764_11162184_20260616_photo_1_1781572288243.jpg|Food_4_Less__764_11162184_20260616_photo_2_1781572288243.jpg,Food_4_Less__764_11162184_20260616_1781572288243_CORRECTED_20260828.pdf
148,Food Maxx #480,11027525,June,1,2,11032465,Food_Maxx__480_11027525_20260616_photo_2_1781635982528.jpg,Food_Maxx__480_11027525_20260616_photo_1_1781635982528.jpg|Food_Maxx__480_11027525_20260616_photo_3_1781635982528.jpg,Food_Maxx__480_11027525_20260616_1781635982528_CORRECTED_20260828.pdf
150,Somersville Pet Supply #604283,7624000,June,1,2,10157996,Somersville_Pet_Supply__604283_7624000_20260616_photo_3_1781636281952.jpg,Somersville_Pet_Supply__604283_7624000_20260616_photo_1_1781636281952.jpg|Somersville_Pet_Supply__604283_7624000_20260616_photo_2_1781636281952.jpg,Somersville_Pet_Supply__604283_7624000_20260616_1781636281952_CORRECTED_20260828.pdf
158,PetSmart US #56,278167,June,1,5,10157996,PetSmart_US__56_278167_20260616_photo_1_1781641556790.jpg,PetSmart_US__56_278167_20260616_photo_2_1781641556790.jpg|PetSmart_US__56_278167_20260616_photo_3_1781641556790.jpg|PetSmart_US__56_278167_20260616_photo_4_1781641556790.jpg|PetSmart_US__56_278167_20260616_photo_5_1781641556790.jpg|PetSmart_US__56_278167_20260616_photo_6_1781641556790.jpg,PetSmart_US__56_278167_20260616_1781641556790_CORRECTED_20260828.pdf
165,Safeway Northern California #1932,309094,June,2,1,304984|304933,Safeway_Northern_California__1_309094_20260617_photo_1_1781715834367.jpg|Safeway_Northern_California__1_309094_20260617_photo_2_1781715834367.jpg,Safeway_Northern_California__1_309094_20260617_photo_3_1781715834367.jpg,Safeway_Northern_California__1_309094_20260617_1781715834367_CORRECTED_20260828.pdf
177,Safeway Northern California #1953,304933,June,1,2,304984,Safeway_Northern_California__1_304933_20260617_photo_1_1781724043895.jpg,Safeway_Northern_California__1_304933_20260617_photo_2_1781724043895.jpg|Safeway_Northern_California__1_304933_20260617_photo_3_1781724043895.jpg,Safeway_Northern_California__1_304933_20260617_1781724043895_CORRECTED_20260828.pdf
180,Safeway Northern California #969,305983,June,1,2,305415,Safeway_Northern_California__9_305983_20260617_photo_2_1781726720430.jpg,Safeway_Northern_California__1_309097_20260731_photo_1_1785458157526.jpg|Safeway_Northern_California__9_305983_20260617_photo_1_1781726720430.jpg,Safeway_Northern_California__9_305983_20260617_1781726720430_CORRECTED_20260828.pdf
182,Petco #1337,312351,June,1,3,242462,Petco__1337_312351_20260617_photo_3_1781727294163.jpg,Petco__1337_312351_20260617_photo_1_1781727294163.jpg|Petco__1337_312351_20260617_photo_4_1781727294163.jpg|Petco__1337_312351_20260617_photo_5_1781727294163.jpg,Petco__1337_312351_20260617_1781727294163_CORRECTED_20260828.pdf
189,Food Maxx #488,10523828,June,1,2,10564805,Food_Maxx__488_10523828_20260625_photo_1_1782411890442.jpg,Food_Maxx__488_10523828_20260625_photo_2_1782411890442.jpg|Food_Maxx__488_10523828_20260625_photo_3_1782411890442.jpg,Food_Maxx__488_10523828_20260625_1782411890442_CORRECTED_20260828.pdf
193,Bel-Air #514,10737505,June,1,1,9335627,Bel_Air__514_10737505_20260625_photo_2_1782413231845.jpg,Bel_Air__514_10737505_20260625_photo_1_1782413231845.jpg,Bel_Air__514_10737505_20260625_1782413231845_CORRECTED_20260828.pdf
203,Walmart US #2735,300025,June,1,2,10157996,Walmart_US__2735_300025_20260625_photo_1_1782418727749.jpg,Walmart_US__2735_300025_20260625_photo_2_1782418727749.jpg|Walmart_US__2735_300025_20260625_photo_3_1782418727749.jpg,Walmart_US__2735_300025_20260625_1782418727749_CORRECTED_20260828.pdf
212,Food Maxx #464,11177388,June,1,2,10157996,Food_Maxx__464_11177388_20260625_photo_1_1782425029870.jpg,Food_Maxx__464_11177388_20260625_photo_2_1782425029870.jpg|Food_Maxx__464_11177388_20260625_photo_3_1782425029870.jpg,Food_Maxx__464_11177388_20260625_1782425029870_CORRECTED_20260828.pdf
227,Bel-Air #502,263144,June,1,2,10157996,Bel_Air__502_263144_20260626_photo_1_1782436323947.jpg,Bel_Air__502_263144_20260626_photo_2_1782436323947.jpg|Bel_Air__502_263144_20260626_photo_3_1782436323947.jpg,Bel_Air__502_263144_20260626_1782436323947_CORRECTED_20260828.pdf
255,Petco #371,313290,June,1,2,10157996,Petco__371_313290_20260626_photo_1_1782509351051.jpg,Petco__371_298281_20260626_photo_1_1782509304621.jpg|Petco__371_313290_20260626_photo_2_1782509351051.jpg,Petco__371_313290_20260626_1782509351051_CORRECTED_20260828.pdf
261,Target #310,10546296,June,1,2,10564805,Target__310_10546296_20260626_photo_2_1782514468726.jpg,Target__310_10546296_20260626_photo_1_1782514468726.jpg|Target__310_10546296_20260626_photo_3_1782514468726.jpg,Target__310_10546296_20260626_1782514468726_CORRECTED_20260828.pdf
263,Pet Supplies Plus #4045,223088,June,1,2,10157996,Pet_Supplies_Plus__4045_223088_20260626_photo_1_1782515539210.jpg,Pet_Supplies_Plus__4045_223088_20260626_photo_2_1782515539210.jpg|Pet_Supplies_Plus__4045_223088_20260626_photo_3_1782515539210.jpg,Pet_Supplies_Plus__4045_223088_20260626_1782515539210_CORRECTED_20260828.pdf
411,Save Mart #622,10874906,July,1,0,313084,Save_Mart__622_10874906_20260715_photo_1_1784144461977.jpg,,Save_Mart__622_10874906_20260715_1784144461977_CORRECTED_20260828.pdf
416,Petco #1343,20125900000422,July,1,1,10157996,Petco__1343_20125900000422_20260715_photo_1_1784145715518.jpg,Petco__1343_20125900000422_20260715_photo_2_1784145715518.jpg,Petco__1343_20125900000422_20260715_1784145715518_CORRECTED_20260828.pdf
423,Safeway #2263,310797,July,1,1,10157996,Safeway__2263_310797_20260715_photo_1_1784155811749.jpg,Safeway__2263_310797_20260715_photo_2_1784155811749.jpg,Safeway__2263_310797_20260715_1784155811749_CORRECTED_20260828.pdf
424,Food Maxx #453,11008872,July,1,1,11008876,Food_Maxx__453_11008872_20260720_photo_1_1784579526863.jpg,Walmart_US__3141_290980_20260721_photo_2_1784668589577.jpg,Food_Maxx__453_11008872_20260720_1784579526863_CORRECTED_20260828.pdf
425,Vons #1969,294053,July,1,0,11008872,Vons__1969_294053_20260720_photo_1_1784579554808.jpg,,Vons__1969_294053_20260720_1784579554808_CORRECTED_20260828.pdf
430,Albertsons #377,10671487,July,1,0,11008876,Albertsons__377_10671487_20260720_photo_1_1784585526454.jpg,,Albertsons__377_10671487_20260720_1784585526454_CORRECTED_20260828.pdf
434,Target #2524,9632927,July,2,0,11008876|11008872,Target__2524_9632927_20260720_photo_1_1784589984954.jpg|Target__2524_9632927_20260720_photo_2_1784589984954.jpg,,Target__2524_9632927_20260720_1784589984954_CORRECTED_20260828.pdf
441,Albertsons #3129,10671490,July,1,0,11008872,Albertsons__3129_10671490_20260721_photo_1_1784594332645.jpg,,Albertsons__3129_10671490_20260721_1784594332645_CORRECTED_20260828.pdf
446,Sam's Club #4819,M155783,July,1,0,11008876,Sam_s_Club__4819_M155783_20260721_photo_1_1784595751644.jpg,,Sam_s_Club__4819_M155783_20260721_1784595751644_CORRECTED_20260828.pdf
447,Albertsons California #3364,10609622,July,1,1,10157996,Albertsons_California__3364_10609622_20260721_photo_1_1784596275232.jpg,Albertsons_California__3364_10609622_20260721_photo_2_1784596275232.jpg,Albertsons_California__3364_10609622_20260721_1784596275232_CORRECTED_20260828.pdf
454,Walmart US #2557,10254960,July,1,1,10609651,Walmart_US__2557_10254960_20260721_photo_1_1784601994179.jpg,Walmart_US__2557_10254960_20260721_photo_2_1784601994179.jpg,Walmart_US__2557_10254960_20260721_1784601994179_CORRECTED_20260828.pdf
465,Petsmart US #3052,M032630,July,1,1,11008872,Petsmart_US__3052_M032630_20260721_photo_1_1784659478082.jpg,Petsmart_US__3052_281232_20260721_photo_2_1784659161103.jpg,Petsmart_US__3052_M032630_20260721_1784659478082_CORRECTED_20260828.pdf
469,Walmart US #3140,302442,July,1,1,11008872,Walmart_US__3140_302442_20260721_photo_1_1784661958320.jpg,Walmart_US__3140_302442_20260721_photo_2_1784661958320.jpg,Walmart_US__3140_302442_20260721_1784661958320_CORRECTED_20260828.pdf
490,Food Maxx #456,10998996,July,1,2,11022907,Food_Maxx__456_10998996_20260722_photo_1_1784742974142.jpg,Foods_Co__339_11162239_20260722_photo_1_1784743370296.jpg|Food_Maxx__456_10998996_20260722_photo_2_1784742974142.jpg,Food_Maxx__456_10998996_20260722_1784742974142_CORRECTED_20260828.pdf
521,Petco #1338,5232171,July,1,1,11008876,Petco__1338_5232171_20260723_photo_2_1784776480796.jpg,Petco__1338_5232171_20260723_photo_1_1784776480796.jpg,Petco__1338_5232171_20260723_1784776480796_CORRECTED_20260828.pdf
523,Petco #1338,312894,July,1,1,10961123,Petco__1338_312894_20260723_photo_1_1784776674799.jpg,Petco__1338_312894_20260723_photo_2_1784776674799.jpg,Petco__1338_312894_20260723_1784776674799_CORRECTED_20260828.pdf
538,Save Mart #635,11157328,July,1,1,10874841,Save_Mart__635_11157328_20260723_photo_1_1784848005598.jpg,Save_Mart__635_11157328_20260723_photo_2_1784848005598.jpg,Save_Mart__635_11157328_20260723_1784848005598_CORRECTED_20260828.pdf
551,PetSmart US #81,246419,July,1,1,10961123,PetSmart_US__81_246419_20260724_photo_1_1784860505055.jpg,PetSmart_US__81_246419_20260724_photo_2_1784860505055.jpg,PetSmart_US__81_246419_20260724_1784860505055_CORRECTED_20260828.pdf
553,Save Mart #1,10567901,July,1,2,10961123,Save_Mart__1_10567901_20260724_photo_1_1784862556850.jpg,Save_Mart__49_11126733_20260724_photo_1_1784863758380.jpg|Save_Mart__1_10567901_20260724_photo_2_1784862556850.jpg,Save_Mart__1_10567901_20260724_1784862556850_CORRECTED_20260828.pdf
569,Walmart US #5710,10168520,July,1,1,10961123,Walmart_US__5710_10168520_20260729_photo_2_1785365647595.jpg,Walmart_US__5710_10168520_20260729_photo_1_1785365647595.jpg,Walmart_US__5710_10168520_20260729_1785365647595_CORRECTED_20260828.pdf
571,PetSmart US #1975,278048,July,1,2,10961123,PetSmart_US__1975_278048_20260729_photo_1_1785366534106.jpg,PetSmart_US__1975_272479_20260729_photo_1_1785364011679.jpg|PetSmart_US__1975_278048_20260729_photo_2_1785366534106.jpg,PetSmart_US__1975_278048_20260729_1785366534106_CORRECTED_20260828.pdf
572,Save Mart #95,10874883,July,1,2,10961123,Save_Mart__95_10874883_20260729_photo_2_1785366979433.jpg,Save_Mart__95_10377426_20260729_photo_3_1785365577795.jpg|Save_Mart__95_10874883_20260729_photo_1_1785366979433.jpg,Save_Mart__95_10874883_20260729_1785366979433_CORRECTED_20260828.pdf
573,Target #938,10571802,July,1,1,278022,Target__938_10571802_20260729_photo_2_1785367228856.jpg,Target__938_10571802_20260729_photo_1_1785367228856.jpg,Target__938_10571802_20260729_1785367228856_CORRECTED_20260828.pdf
575,Raley's #339,10114974,July,1,1,10961123,Raley_s__339_10114974_20260729_photo_1_1785367392435.jpg,Raley_s__339_10114974_20260729_photo_2_1785367392435.jpg,Raley_s__339_10114974_20260729_1785367392435_CORRECTED_20260828.pdf
584,Safeway Northern California #910,304967,July,1,2,304968,Safeway_Northern_California__9_304967_20260730_photo_2_1785439220111.jpg,Safeway_Northern_California__9_304967_20260730_photo_1_1785439220111.jpg|Safeway_Northern_California__9_304967_20260730_photo_3_1785439220111.jpg,Safeway_Northern_California__9_304967_20260730_1785439220111_CORRECTED_20260828.pdf
589,Lucky #750,80090400000116,July,1,1,278022,Lucky__750_80090400000116_20260730_photo_2_1785445183548.jpg,Lucky__750_80090400000116_20260730_photo_1_1785445183548.jpg,Lucky__750_80090400000116_20260730_1785445183548_CORRECTED_20260828.pdf
605,Safeway Northern California #1195,309097,July,1,1,305983,Safeway_Northern_California__1_309097_20260731_photo_1_1785458157526.jpg,Safeway_Northern_California__1_309097_20260731_photo_2_1785458157526.jpg,Safeway_Northern_California__1_309097_20260731_1785458157526_CORRECTED_20260828.pdf
609,PetSmart US #1418,207645,August,1,2,278046,PetSmart_US__1418_207645_20260821_photo_3_1787345535403.jpg,PetSmart_US__1418_207645_20260821_photo_1_1787345535403.jpg|PetSmart_US__1418_207645_20260821_photo_4_1787345535403.jpg,PetSmart_US__1418_207645_20260821_1787345535403_CORRECTED_20260828.pdf
610,PetSmart US #1418,278046,August,1,2,207645,PetSmart_US__1418_278046_20260821_photo_2_1787345581584.jpg,PetSmart_US__1418_272485_20260821_photo_1_1787346008249.jpg|PetSmart_US__1418_278046_20260821_photo_1_1787345581584.jpg,PetSmart_US__1418_278046_20260821_1787345581584_CORRECTED_20260828.pdf
614,Safeway Northern California #1476,305433,August,1,1,304910,Safeway_Northern_California__1_305433_20260821_photo_1_1787348044925.jpg,Safeway_Northern_California__1_305433_20260821_photo_2_1787348044925.jpg,Safeway_Northern_California__1_305433_20260821_1787348044925_CORRECTED_20260828.pdf
616,Safeway Northern California #2968,305003,August,1,2,305431,Safeway_Northern_California__2_305003_20260821_photo_2_1787350174417.jpg,Safeway_Northern_California__2_305003_20260821_photo_1_1787350174417.jpg|Safeway_Northern_California__2_305003_20260821_photo_3_1787350174417.jpg,Safeway_Northern_California__2_305003_20260821_1787350174417_CORRECTED_20260828.pdf
620,Safeway Northern California #1483,310795,August,2,2,263126|263125,Safeway_Northern_California__1_310795_20260821_photo_2_1787352715622.jpg|Safeway_Northern_California__1_310795_20260821_photo_3_1787352715622.jpg,Safeway_Northern_California__1_310795_20260821_photo_1_1787352715622.jpg|Safeway_Northern_California__1_310795_20260821_photo_4_1787352715622.jpg,Safeway_Northern_California__1_310795_20260821_1787352715622_CORRECTED_20260828.pdf
629,Target #2281,9407822,August,1,1,278022,Target__2281_9407822_20260823_photo_1_1787526595767.jpg,Target__2281_9407822_20260823_photo_2_1787526595767.jpg,Target__2281_9407822_20260823_1787526595767_CORRECTED_20260828.pdf
635,Safeway Northern California #1574,305005,August,1,2,10961123,Safeway_Northern_California__1_305005_20260824_photo_1_1787530410352.jpg,Safeway_Northern_California__1_308994_20260824_photo_1_1787530184366.jpg|Safeway_Northern_California__1_305005_20260824_photo_2_1787530410352.jpg,Safeway_Northern_California__1_305005_20260824_1787530410352_CORRECTED_20260828.pdf
647,Petco #271,227280,August,1,2,278022,Petco__271_227280_20260824_photo_2_1787538003273.jpg,Petco__271_226519_20260824_photo_1_1787537569581.jpg|Petco__271_227280_20260824_photo_1_1787538003273.jpg,Petco__271_227280_20260824_1787538003273_CORRECTED_20260828.pdf
651,Target #1427,9595032,August,1,1,11037160,Target__1427_9595032_20260824_photo_2_1787539895286.jpg,Target__1427_9595032_20260824_photo_1_1787539895286.jpg,Target__1427_9595032_20260824_1787539895286_CORRECTED_20260828.pdf
652,Walmart US #2486,297896,August,1,1,278022,Walmart_US__2486_297896_20260824_photo_1_1787539965335.jpg,Walmart_US__2486_297896_20260824_photo_2_1787539965335.jpg,Walmart_US__2486_297896_20260824_1787539965335_CORRECTED_20260828.pdf
654,Safeway Northern California #695,310796,August,1,2,10961123,Safeway_Northern_California__6_310796_20260824_photo_2_1787541841543.jpg,Safeway_Northern_California__6_311970_20260824_photo_1_1787541690216.jpg|Safeway_Northern_California__6_310796_20260824_photo_1_1787541841543.jpg,Safeway_Northern_California__6_310796_20260824_1787541841543_CORRECTED_20260828.pdf
659,Safeway Northern California #304,10282420,August,1,3,10633781,Safeway_Northern_California__3_10282420_20260824_photo_3_1787608411867.jpg,Safeway_Northern_California__3_10282420_20260824_photo_1_1787608411867.jpg|Safeway_Northern_California__3_10282420_20260824_photo_2_1787608411867.jpg|Safeway_Northern_California__3_10282420_20260824_photo_4_1787608411867.jpg,Safeway_Northern_California__3_10282420_20260824_1787608411867_CORRECTED_20260828.pdf
664,Whole Foods Market #10009-MLV,11054265,August,1,1,312231,Whole_Foods_Market__10009_MLV_11054265_20260825_photo_2_1787616666700.jpg,Whole_Foods_Market__10009_MLV_11054265_20260825_photo_1_1787616666700.jpg,Whole_Foods_Market__10009_MLV_11054265_20260825_1787616666700_CORRECTED_20260828.pdf
667,Woodlands Pet Food & Treats,5081238,August,1,1,312231,Woodlands_Pet_Food___Treats_5081238_20260825_photo_1_1787620291710.jpg,Woodlands_Pet_Food___Treats_5081238_20260825_photo_2_1787620291710.jpg,Woodlands_Pet_Food___Treats_5081238_20260825_1787620291710_CORRECTED_20260828.pdf
