pm_id,pm_date,signed_pacific,store,city,report_serial,n_photos,photo_status,store_contact_recorded,reopened_after_submit,note
410,2026-07-15,2026-07-15 12:23 PT,Bel-Air #501,Sacramento,10148895,2,PHOTOS UNIQUE,yes,no,
411,2026-07-15,2026-07-15 12:41 PT,Save Mart #622,Sacramento,10874906,1,PHOTOS UNIQUE,no,no,
412,2026-07-15,2026-07-15 12:42 PT,Save Mart #622,Sacramento,10911486,0,NO PHOTOS,no,no,
413,2026-07-15,2026-07-15 12:46 PT,Petco #1343,Sacramento,313084,2,PHOTOS UNIQUE,yes,no,
414,2026-07-15,2026-07-15 12:48 PT,Petco #1343,Sacramento,226512,2,PHOTOS UNIQUE,yes,no,
415,2026-07-15,2026-07-15 12:51 PT,Petco #1343,Sacramento,226507,2,PHOTOS UNIQUE,yes,no,
416,2026-07-15,2026-07-15 13:01 PT,Petco #1343,Sacramento,20125900000422,2,ALL PHOTOS REUSED,no,no,
417,2026-07-15,2026-07-15 13:14 PT,Incredible Pets #24012404,Sacramento,6674060,1,CLOSED-STORE VISIT,no,no,store not present — address is now a hardware store (photo)
418,2026-07-15,2026-07-15 13:27 PT,Comptons Market #14696,Sacramento,411412301019,1,CLOSED-STORE VISIT,no,no,no unit found (photo: storefront from vehicle)
419,2026-07-15,2026-07-15 14:28 PT,Walmart US #5982,Sacramento,M125962,2,PHOTOS UNIQUE,yes,no,
420,2026-07-15,2026-07-15 14:46 PT,Raley's #416,Sacramento,9318060,2,PHOTOS UNIQUE,yes,no,
421,2026-07-15,2026-07-15 15:06 PT,Target #311,Sacramento,10633828,3,PHOTOS UNIQUE,yes,no,
422,2026-07-15,2026-07-15 15:37 PT,Walmart US #5192,Sacramento,9627102,2,PHOTOS UNIQUE,yes,no,
423,2026-07-15,2026-07-15 15:50 PT,Safeway #2263,Sacramento,310797,2,ALL PHOTOS REUSED,yes,no,
424,2026-07-20,2026-07-20 13:32 PT,Food Maxx #453,Bakersfield,11008872,1,ALL PHOTOS REUSED,yes,no,
425,2026-07-20,2026-07-20 13:32 PT,Vons #1969,Bakersfield,294053,1,ALL PHOTOS REUSED,yes,no,
426,2026-07-20,2026-07-20 13:44 PT,Lassens #04,Bakersfield,9404671,2,PHOTOS UNIQUE,yes,no,
427,2026-07-20,2026-07-20 14:02 PT,Costco #688,Bakersfield,10271100,2,PHOTOS UNIQUE,yes,no,
428,2026-07-20,2026-07-20 14:44 PT,Albertsons #3172,Bakersfield,10671477,2,PHOTOS UNIQUE,yes,no,
429,2026-07-20,2026-07-20 15:10 PT,Albertsons #377,Bakersfield,10663625,0,NO PHOTOS,yes,no,
430,2026-07-20,2026-07-20 15:12 PT,Albertsons #377,Bakersfield,10671487,1,ALL PHOTOS REUSED,yes,no,
431,2026-07-20,2026-07-20 15:52 PT,Walmart US #1624,Bakersfield,9267058,2,PHOTOS UNIQUE,yes,no,
432,2026-07-20,2026-07-20 16:16 PT,Albertsons #336,Bakersfield,9325680,2,PHOTOS UNIQUE,yes,no,
433,2026-07-20,2026-07-20 16:23 PT,Albertsons #336,Bakersfield,10671481,2,PHOTOS UNIQUE,yes,no,
434,2026-07-20,2026-07-20 16:26 PT,Target #2524,Bakersfield,9632927,2,ALL PHOTOS REUSED,yes,no,
435,2026-07-20,2026-07-20 16:41 PT,PetSmart US #86,Bakersfield,246365,2,PHOTOS UNIQUE,yes,no,
436,2026-07-20,2026-07-20 16:41 PT,PetSmart US #86,Bakersfield,246364,2,PHOTOS UNIQUE,yes,no,
437,2026-07-20,2026-07-20 16:51 PT,PetSmart US #86,Bakersfield,278045,2,PHOTOS UNIQUE,yes,no,
438,2026-07-21,2026-07-20 17:15 PT,Foods Co #365,Bakersfield,9716900,1,PHOTOS UNIQUE,yes,no,
439,2026-07-21,2026-07-20 17:20 PT,Foods Co #365,Bakersfield,11162237,1,PHOTOS UNIQUE,yes,no,
440,2026-07-21,2026-07-20 17:32 PT,Albertsons #3129,Bakersfield,9407809,2,PHOTOS UNIQUE,yes,no,
441,2026-07-21,2026-07-20 17:38 PT,Albertsons #3129,Bakersfield,10671490,1,ALL PHOTOS REUSED,yes,no,
442,2026-07-21,2026-07-20 17:57 PT,Petco #1306,Bakersfield,227269,2,PHOTOS UNIQUE,yes,no,
443,2026-07-21,2026-07-20 17:57 PT,Petco #1306,Bakersfield,227620,2,PHOTOS UNIQUE,yes,no,
444,2026-07-21,2026-07-20 18:00 PT,Petco #1306,Bakersfield,306402,2,PHOTOS UNIQUE,yes,no,
445,2026-07-21,2026-07-20 18:01 PT,Walmart US #5134,Bakersfield,279848,0,NO PHOTOS,yes,no,
446,2026-07-21,2026-07-20 18:02 PT,Sam's Club #4819,Bakersfield,M155783,1,ALL PHOTOS REUSED,no,no,
447,2026-07-21,2026-07-20 18:11 PT,Albertsons California #3364,Bakersfield,10609622,2,ALL PHOTOS REUSED,yes,no,
448,2026-07-21,2026-07-20 18:22 PT,Vons #2420,Bakersfield,9166246,1,PHOTOS UNIQUE,yes,no,
449,2026-07-21,2026-07-20 18:23 PT,Vons #2420,Bakersfield,10671499,2,PHOTOS UNIQUE,yes,no,
450,2026-07-21,2026-07-20 18:30 PT,Vons #2420,Bakersfield,10658930,2,PHOTOS UNIQUE,yes,no,
451,2026-07-21,2026-07-20 19:06 PT,Target #2715,Bakersfield,10633827,2,SOME PHOTOS REUSED,no,no,
452,2026-07-21,2026-07-20 19:11 PT,Walmart US #3139,Bakersfield,303346,2,SOME PHOTOS REUSED,yes,no,
453,2026-07-21,2026-07-20 19:32 PT,Target #1384,Bakersfield,9139322,2,ALL PHOTOS REUSED,yes,no,
454,2026-07-21,2026-07-20 19:46 PT,Walmart US #2557,Bakersfield,10254960,2,PHOTOS UNIQUE,yes,no,
455,2026-07-21,2026-07-20 19:51 PT,Petco #1506,Bakersfield,192210,2,PHOTOS UNIQUE,yes,no,
456,2026-07-21,2026-07-20 19:52 PT,Petco #1506,Bakersfield,244270,2,PHOTOS UNIQUE,yes,no,
457,2026-07-21,2026-07-20 19:57 PT,Petco #1506,Bakersfield,312397,3,PHOTOS UNIQUE,yes,no,
458,2026-07-21,2026-07-20 20:23 PT,Vons #2033,Bakersfield,9413973,2,PHOTOS UNIQUE,yes,no,
459,2026-07-21,2026-07-20 20:25 PT,Vons #2033,Bakersfield,10567891,1,PHOTOS UNIQUE,yes,no,
460,2026-07-21,2026-07-21 11:03 PT,Albertsons #1398,Bakersfield,9413966,2,PHOTOS UNIQUE,yes,no,
461,2026-07-21,2026-07-21 11:13 PT,Albertsons #1398,Bakersfield,10671486,3,PHOTOS UNIQUE,yes,no,
462,2026-07-21,2026-07-21 11:19 PT,Albertsons #1398,Bakersfield,10671482,2,PHOTOS UNIQUE,yes,no,
463,2026-07-21,2026-07-21 11:39 PT,Petsmart US #3052,Bakersfield,281232,2,PHOTOS UNIQUE,yes,no,
464,2026-07-21,2026-07-21 11:43 PT,Petsmart US #3052,Bakersfield,281224,3,PHOTOS UNIQUE,yes,no,
465,2026-07-21,2026-07-21 11:44 PT,Petsmart US #3052,Bakersfield,M032630,1,ALL PHOTOS REUSED,yes,no,
466,2026-07-21,2026-07-21 11:56 PT,Walmart US #3138,Bakersfield,303921,2,PHOTOS UNIQUE,yes,no,
467,2026-07-21,2026-07-21 12:13 PT,Save Mart #96,Bakersfield,10741385,2,PHOTOS UNIQUE,yes,no,
468,2026-07-21,2026-07-21 12:17 PT,Save Mart #96,Bakersfield,11126725,2,PHOTOS UNIQUE,yes,no,
469,2026-07-21,2026-07-21 12:25 PT,Walmart US #3140,Bakersfield,302442,2,ALL PHOTOS REUSED,yes,no,
470,2026-07-21,2026-07-21 12:44 PT,Foods Co #384,Bakersfield,10602707,2,PHOTOS UNIQUE,yes,no,
471,2026-07-21,2026-07-21 12:52 PT,Foods Co #384,Bakersfield,10605033,3,PHOTOS UNIQUE,yes,no,
472,2026-07-21,2026-07-21 13:03 PT,Albertsons #358,Bakersfield,9407801,2,PHOTOS UNIQUE,yes,no,
473,2026-07-21,2026-07-21 13:07 PT,Albertsons #358,Bakersfield,10663638,2,PHOTOS UNIQUE,yes,no,
474,2026-07-21,2026-07-21 13:25 PT,Target #614,Bakersfield,9455985,2,PHOTOS UNIQUE,yes,no,
475,2026-07-21,2026-07-21 13:31 PT,Petsmart US #84,Bakersfield,207967,2,PHOTOS UNIQUE,yes,no,
476,2026-07-21,2026-07-21 13:32 PT,Petsmart US #84,Bakersfield,250475,2,PHOTOS UNIQUE,yes,no,
477,2026-07-21,2026-07-21 13:38 PT,Food Maxx #413,Bakersfield,10532359,2,PHOTOS UNIQUE,no,no,
478,2026-07-21,2026-07-21 14:02 PT,Food Maxx #413,Bakersfield,10528385,3,PHOTOS UNIQUE,yes,no,
479,2026-07-21,2026-07-21 14:16 PT,Walmart US #3141,Bakersfield,290980,2,SOME PHOTOS REUSED,yes,no,
480,2026-07-21,2026-07-21 14:17 PT,Food Maxx #499,Fresno,11022906,2,PHOTOS UNIQUE,yes,no,
481,2026-07-21,2026-07-21 14:19 PT,Food Maxx #499,Fresno,11022905,2,PHOTOS UNIQUE,yes,no,
482,2026-07-22,2026-07-21 18:02 PT,Target #2922,Fresno,10927323,1,PHOTOS UNIQUE,yes,no,
483,2026-07-22,2026-07-22 09:14 PT,Walmart US #2001,Fresno,9729228,3,PHOTOS UNIQUE,yes,no,
484,2026-07-22,2026-07-22 09:38 PT,Kelley's Pets #3465,Fresno,10961123,2,SOME PHOTOS REUSED,yes,no,
485,2026-07-22,2026-07-22 09:39 PT,Kelley's Pets #3465,Fresno,10961123,2,ALL PHOTOS REUSED,yes,no,
486,2026-07-22,2026-07-22 09:59 PT,Foods Co #316,Fresno,11162201,2,PHOTOS UNIQUE,yes,no,
487,2026-07-22,2026-07-22 10:16 PT,Vons #1754,Fresno,263121,2,PHOTOS UNIQUE,yes,no,
488,2026-07-22,2026-07-22 10:21 PT,Vons #1754,Fresno,263124,2,PHOTOS UNIQUE,yes,no,
489,2026-07-22,2026-07-22 10:54 PT,Food Maxx #456,Fresno,11022907,2,PHOTOS UNIQUE,yes,no,
490,2026-07-22,2026-07-22 10:56 PT,Food Maxx #456,Fresno,10998996,2,PHOTOS UNIQUE,yes,no,
491,2026-07-22,2026-07-22 11:02 PT,Foods Co #339,Fresno,11162239,3,PHOTOS UNIQUE,yes,no,
492,2026-07-22,2026-07-22 11:30 PT,Target #314,Fresno,10624594,3,PHOTOS UNIQUE,yes,no,
493,2026-07-22,2026-07-22 11:41 PT,Petco #269,Fresno,FPA,0,NO PHOTOS,yes,no,
494,2026-07-22,2026-07-22 12:22 PT,Walmart US #5632,Fresno,M125927,7,PHOTOS UNIQUE,yes,no,
495,2026-07-22,2026-07-22 13:53 PT,Whities Pets #602468,Fresno,9986231,2,PHOTOS UNIQUE,yes,no,
496,2026-07-22,2026-07-22 15:34 PT,Petsmart US #2487,Fresno,299301,2,PHOTOS UNIQUE,yes,no,
497,2026-07-22,2026-07-22 15:40 PT,Petsmart US #2487,Fresno,299342,2,PHOTOS UNIQUE,yes,no,
498,2026-07-22,2026-07-22 15:53 PT,Target #911,Fresno,10580525,2,PHOTOS UNIQUE,yes,no,
499,2026-07-22,2026-07-22 16:09 PT,Sam's Club #4704,Fresno,M157299,2,PHOTOS UNIQUE,yes,no,
500,2026-07-22,2026-07-22 16:32 PT,Food Maxx #414,Fresno,10521385,2,PHOTOS UNIQUE,yes,no,
501,2026-07-22,2026-07-22 16:34 PT,Food Maxx #414,Fresno,10523825-1,2,PHOTOS UNIQUE,yes,no,
502,2026-07-22,2026-07-22 16:40 PT,Target #1417,Fresno,10540856,2,ALL PHOTOS REUSED,yes,no,
503,2026-07-22,2026-07-22 16:44 PT,Target #1417,Fresno,10902793,3,ALL PHOTOS REUSED,yes,no,
504,2026-07-22,2026-07-22 16:57 PT,Save Mart #651,Fresno,10362991,2,PHOTOS UNIQUE,yes,no,
505,2026-07-22,2026-07-22 17:03 PT,Save Mart #651,Fresno,11150523,2,PHOTOS UNIQUE,yes,no,
506,2026-07-23,2026-07-22 17:35 PT,Walmart US #2985,Fresno,M098901,4,PHOTOS UNIQUE,yes,no,
507,2026-07-23,2026-07-22 18:17 PT,The Market #13675,Fresno,10613013,2,PHOTOS UNIQUE,yes,no,
508,2026-07-23,2026-07-22 18:28 PT,Save Mart #54,Fresno,32158100000214,3,PHOTOS UNIQUE,yes,no,
509,2026-07-23,2026-07-22 18:39 PT,PetSmart US #82,Fresno,269642,2,PHOTOS UNIQUE,yes,no,
510,2026-07-23,2026-07-22 18:43 PT,PetSmart US #82,Fresno,M032645,3,PHOTOS UNIQUE,yes,no,
511,2026-07-23,2026-07-22 18:54 PT,Target #275,Fresno,10902784,2,PHOTOS UNIQUE,yes,no,
512,2026-07-23,2026-07-22 19:05 PT,Food Maxx #403,Fresno,11014453,2,PHOTOS UNIQUE,yes,no,
513,2026-07-23,2026-07-22 19:08 PT,Food Maxx #403,Fresno,10998989,2,PHOTOS UNIQUE,yes,no,
514,2026-07-23,2026-07-22 19:14 PT,Foods Co #784,Fresno,11162238,1,CLOSED-STORE VISIT,no,no,store closed (photo: CLOSED signs on doors)
515,2026-07-23,2026-07-22 19:16 PT,Walmart US #1815,Fresno,9697100,2,ALL PHOTOS REUSED,yes,no,
516,2026-07-23,2026-07-22 19:32 PT,Costco #31,Fresno,317027,1,PHOTOS UNIQUE,yes,no,
517,2026-07-23,2026-07-22 19:51 PT,Save Mart #93,Fresno,11133293,2,PHOTOS UNIQUE,yes,no,
518,2026-07-23,2026-07-22 19:54 PT,Save Mart #93,Fresno,11133295,2,PHOTOS UNIQUE,yes,no,
519,2026-07-23,2026-07-22 20:06 PT,Petco #1338,Fresno,233671,2,PHOTOS UNIQUE,yes,no,
520,2026-07-23,2026-07-22 20:12 PT,Petco #1338,Fresno,244380,2,PHOTOS UNIQUE,yes,no,
521,2026-07-23,2026-07-22 20:14 PT,Petco #1338,Fresno,5232171,2,ALL PHOTOS REUSED,yes,no,
522,2026-07-23,2026-07-22 20:16 PT,Petco #1338,Fresno,341506031614,1,ALL PHOTOS REUSED,yes,no,
523,2026-07-23,2026-07-22 20:17 PT,Petco #1338,Fresno,312894,2,ALL PHOTOS REUSED,yes,no,
524,2026-07-23,2026-07-23 12:01 PT,Target #2744,Fresno,9318085,2,PHOTOS UNIQUE,yes,yes,
525,2026-07-23,2026-07-23 13:20 PT,Save Mart #65,Fresno,10564803,2,PHOTOS UNIQUE,yes,no,
526,2026-07-23,2026-07-23 13:46 PT,Whole Foods Market #10122-FRS,Fresno,11096711,2,PHOTOS UNIQUE,yes,yes,
527,2026-07-23,2026-07-23 14:07 PT,Save Mart #92,Fresno,32158100000985,1,PHOTOS UNIQUE,yes,no,
528,2026-07-23,2026-07-23 14:23 PT,Save Mart #650,Fresno,10874889,2,PHOTOS UNIQUE,yes,no,
529,2026-07-23,2026-07-23 14:30 PT,Save Mart #650,Fresno,10874911,2,PHOTOS UNIQUE,yes,no,
530,2026-07-23,2026-07-23 14:52 PT,Petco #1350,Fresno,197934,2,PHOTOS UNIQUE,yes,no,
531,2026-07-23,2026-07-23 14:53 PT,Petco #1350,Fresno,244067,2,PHOTOS UNIQUE,yes,no,
532,2026-07-23,2026-07-23 15:00 PT,Petco #1350,Fresno,313062,2,PHOTOS UNIQUE,yes,no,
533,2026-07-23,2026-07-23 15:15 PT,Save Mart #71,Fresno,10372249,2,ALL PHOTOS REUSED,yes,no,
534,2026-07-23,2026-07-23 15:32 PT,Save Mart #71,Fresno,11157343,3,PHOTOS UNIQUE,yes,no,
535,2026-07-23,2026-07-23 15:53 PT,Vons #2188,Fresno,311477,2,PHOTOS UNIQUE,yes,no,
536,2026-07-23,2026-07-23 15:56 PT,Save Mart #78,Fresno,10874913,2,ALL PHOTOS REUSED,yes,no,
537,2026-07-23,2026-07-23 16:04 PT,Save Mart #78,Fresno,10874841,2,PHOTOS UNIQUE,yes,yes,
538,2026-07-23,2026-07-23 16:06 PT,Save Mart #635,Ceres,11157328,2,PHOTOS UNIQUE,yes,no,
539,2026-07-23,2026-07-23 16:11 PT,Save Mart #635,Ceres,11157331,2,PHOTOS UNIQUE,yes,no,
540,2026-07-24,2026-07-23 17:45 PT,Walmart US #1983,Ceres,9681570,1,CLOSED-STORE VISIT,no,no,store permanently closed (photo: boarded-up building)
541,2026-07-24,2026-07-23 18:08 PT,Raley's #308,Modesto,9318070,2,PHOTOS UNIQUE,yes,no,
542,2026-07-24,2026-07-23 18:13 PT,Safeway Northern California #1661,Modesto,295380,2,PHOTOS UNIQUE,yes,no,
543,2026-07-24,2026-07-23 18:15 PT,Safeway Northern California #1661,Modesto,295403,2,ALL PHOTOS REUSED,yes,no,
544,2026-07-24,2026-07-23 18:25 PT,Carters Pet Mart #56789,Modesto,9723510,2,PHOTOS UNIQUE,yes,no,
545,2026-07-24,2026-07-23 18:26 PT,Carters Pet Mart #56789,Modesto,9637980,2,ALL PHOTOS REUSED,yes,no,
546,2026-07-24,2026-07-23 18:48 PT,Cost Less Foods #13953,Modesto,9885006,2,PHOTOS UNIQUE,yes,no,
547,2026-07-24,2026-07-23 19:13 PT,O'Brien's Market #4402,Modesto,8140289,2,PHOTOS UNIQUE,yes,no,
548,2026-07-24,2026-07-23 19:20 PT,Petco #307,Modesto,202406,2,PHOTOS UNIQUE,yes,no,
549,2026-07-24,2026-07-23 19:22 PT,Petco #307,Modesto,243062,3,PHOTOS UNIQUE,yes,no,
551,2026-07-24,2026-07-23 19:35 PT,PetSmart US #81,Modesto,246419,2,SOME PHOTOS REUSED,yes,no,
550,2026-07-24,2026-07-23 19:57 PT,PetSmart US #81,Modesto,278022,2,PHOTOS UNIQUE,yes,yes,
552,2026-07-24,2026-07-23 20:03 PT,PetSmart US #81,Modesto,246414,2,PHOTOS UNIQUE,yes,no,
553,2026-07-24,2026-07-23 20:09 PT,Save Mart #1,Modesto,10567901,2,ALL PHOTOS REUSED,yes,no,
554,2026-07-24,2026-07-23 20:21 PT,Save Mart #49,Modesto,11133289,2,PHOTOS UNIQUE,yes,no,
555,2026-07-24,2026-07-23 20:29 PT,Save Mart #49,Modesto,11126733,2,PHOTOS UNIQUE,yes,no,
556,2026-07-24,2026-07-23 20:31 PT,Save Mart #1,Modesto,10637908,2,ALL PHOTOS REUSED,yes,no,
557,2026-07-29,2026-07-29 11:57 PT,Target #273,Modesto,9632923,2,PHOTOS UNIQUE,yes,no,
558,2026-07-29,2026-07-29 12:23 PT,Walmart US #1587,Modesto,277481,2,PHOTOS UNIQUE,yes,no,
559,2026-07-29,2026-07-29 12:29 PT,Petco #307,Modesto,313166,2,ALL PHOTOS REUSED,yes,no,
560,2026-07-29,2026-07-29 12:47 PT,Cost Less Foods #11062,Modesto,11240706,2,PHOTOS UNIQUE,yes,no,
561,2026-07-29,2026-07-29 13:13 PT,Cost Less Foods #13952,Modesto,10588791,2,PHOTOS UNIQUE,yes,no,
562,2026-07-29,2026-07-29 13:24 PT,Food Maxx #410,Modesto,10092086,2,PHOTOS UNIQUE,yes,no,
563,2026-07-29,2026-07-29 13:29 PT,Food Maxx #410,Modesto,10374779,2,PHOTOS UNIQUE,yes,no,
564,2026-07-29,2026-07-29 13:51 PT,O'Brien's Market #4559,Modesto,8140302,2,PHOTOS UNIQUE,no,no,
565,2026-07-29,2026-07-29 15:03 PT,PetSmart US #1975,Modesto,272477,1,PHOTOS UNIQUE,yes,yes,
566,2026-07-29,2026-07-29 15:06 PT,PetSmart US #1975,Modesto,272479 Date 21- 10- 22,1,PHOTOS UNIQUE,yes,no,
567,2026-07-29,2026-07-29 15:26 PT,PetSmart US #1975,Modesto,272479,2,PHOTOS UNIQUE,no,no,
568,2026-07-29,2026-07-29 15:52 PT,Save Mart #95,Modesto,10377426,4,PHOTOS UNIQUE,yes,yes,
569,2026-07-29,2026-07-29 15:54 PT,Walmart US #5710,Modesto,10168520,2,ALL PHOTOS REUSED,yes,no,
570,2026-07-29,2026-07-29 16:05 PT,Costco #661,Modesto,10702119,2,PHOTOS UNIQUE,yes,no,
571,2026-07-29,2026-07-29 16:08 PT,PetSmart US #1975,Modesto,278048,2,SOME PHOTOS REUSED,yes,no,
572,2026-07-29,2026-07-29 16:16 PT,Save Mart #95,Modesto,10874883,2,ALL PHOTOS REUSED,yes,no,
573,2026-07-29,2026-07-29 16:20 PT,Target #938,Modesto,10571802,2,ALL PHOTOS REUSED,yes,no,
574,2026-07-29,2026-07-29 16:22 PT,Raley's #339,Modesto,10114978,2,ALL PHOTOS REUSED,yes,no,
575,2026-07-29,2026-07-29 16:23 PT,Raley's #339,Modesto,10114974,2,ALL PHOTOS REUSED,yes,no,
576,2026-07-29,2026-07-29 16:49 PT,Save Mart #86,Modesto,10874858,2,PHOTOS UNIQUE,yes,no,
577,2026-07-29,2026-07-29 16:56 PT,Save Mart #86,Modesto,10874893,2,PHOTOS UNIQUE,yes,no,
578,2026-07-30,2026-07-29 17:21 PT,Walmart US #3046,Modesto,M116647,4,PHOTOS UNIQUE,yes,no,
579,2026-07-30,2026-07-29 17:24 PT,Walmart US #3046,Modesto,11200211,2,ALL PHOTOS REUSED,no,no,
580,2026-07-30,2026-07-29 18:30 PT,Safeway #55,Mountain House,291749,2,PHOTOS UNIQUE,yes,no,
581,2026-07-30,2026-07-30 09:47 PT,Target #828,Livermore,9627188,2,PHOTOS UNIQUE,yes,no,
582,2026-07-30,2026-07-30 11:54 PT,Walmart US #1972,Livermore,262650,5,PHOTOS UNIQUE,yes,yes,
583,2026-07-30,2026-07-30 12:08 PT,Lucky #721,Livermore,10874873,2,PHOTOS UNIQUE,no,no,
584,2026-07-30,2026-07-30 12:20 PT,Safeway Northern California #910,Livermore,304967,3,PHOTOS UNIQUE,yes,no,
585,2026-07-30,2026-07-30 12:23 PT,Safeway Northern California #910,Livermore,304968,2,PHOTOS UNIQUE,yes,no,
586,2026-07-30,2026-07-30 12:34 PT,Nob Hill #631,Livermore,9325681,2,PHOTOS UNIQUE,yes,no,
587,2026-07-30,2026-07-30 12:45 PT,Lucky #722,Livermore,10896679,2,PHOTOS UNIQUE,yes,no,
588,2026-07-30,2026-07-30 13:26 PT,Costco #146,Livermore,10702123,3,PHOTOS UNIQUE,yes,yes,
589,2026-07-30,2026-07-30 13:59 PT,Lucky #750,Dublin,80090400000116,2,ALL PHOTOS REUSED,yes,no,
590,2026-07-30,2026-07-30 14:10 PT,Target #2771,Dublin,9380266,2,PHOTOS UNIQUE,yes,no,
591,2026-07-30,2026-07-30 14:32 PT,Gene's Fine Foods #16047,Pleasanton,341505301549,2,PHOTOS UNIQUE,yes,no,
592,2026-07-30,2026-07-30 14:58 PT,Pet Supplies Plus #4132,Pleasanton,9404655,2,PHOTOS UNIQUE,yes,no,
593,2026-07-30,2026-07-30 15:05 PT,Walmart US #2161,Pleasanton,302431,2,ALL PHOTOS REUSED,yes,no,
594,2026-07-30,2026-07-30 15:19 PT,Lucky #744,Pleasanton,10874870,2,PHOTOS UNIQUE,yes,no,
595,2026-07-30,2026-07-30 15:20 PT,Lucky #744,Pleasanton,10105120,2,SOME PHOTOS REUSED,yes,no,
596,2026-07-30,2026-07-30 15:32 PT,Murphys Paw #1910,Pleasanton,7567529,1,CLOSED-STORE VISIT,yes,yes,"unit-missing dispute; real store, contact 'Michelle', freezers photographed"
597,2026-07-30,2026-07-30 15:46 PT,Raley's #316,Pleasanton,9335646,2,PHOTOS UNIQUE,yes,no,
598,2026-07-30,2026-07-30 16:01 PT,Safeway Northern California #1502,Pleasanton,304913,2,PHOTOS UNIQUE,yes,no,
599,2026-07-30,2026-07-30 16:02 PT,Safeway Northern California #1502,Pleasanton,305407,2,PHOTOS UNIQUE,yes,no,
600,2026-07-30,2026-07-30 16:05 PT,Safeway Northern California #2856,Pleasanton,294043,2,ALL PHOTOS REUSED,yes,no,
601,2026-07-30,2026-07-30 16:32 PT,Safeway Northern California #1211,Danville,276954,2,SOME PHOTOS REUSED,yes,yes,
602,2026-07-30,2026-07-30 16:35 PT,Safeway Northern California #1211,Danville,304440,2,PHOTOS UNIQUE,yes,no,
603,2026-07-30,2026-07-30 16:53 PT,Lunardis #9,Danville,411409150336,2,PHOTOS UNIQUE,yes,no,
604,2026-07-31,2026-07-30 17:32 PT,Safeway Northern California #969,Moraga,311982,2,PHOTOS UNIQUE,yes,no,
605,2026-07-31,2026-07-30 17:35 PT,Safeway Northern California #1195,Clayton,309097,2,PHOTOS UNIQUE,yes,no,
